/*
 * Custom Inter 32 px subset font for the home-screen digital
 * clock. Generated by tools/gen_clock_font.py from Inter.ttf.
 * (Variable name kept as font_inter_32 so it stays a drop-in for the clock slot.)
 *
 * Only includes the glyphs the clock actually uses (digits, colon,
 * space, A/M/P) so the flash cost stays tiny (~15.7 KB
 * of glyph bitmap data) compared with a full-character font at this size.
 *
 * The format mirrors what `lv_font_conv` produces: same struct layout,
 * cmap type, and glyph descriptor field order. This file plugs in via
 * the existing `lv_font_t *` slot exactly like the built-in fonts.
 */

#include "lvgl.h"

/*-----------------
 *    BITMAPS
 *----------------*/

static LV_ATTRIBUTE_LARGE_CONST const uint8_t glyph_bitmap[] = {
    /* U+0020 " " */

    /* U+0021 "!" */
    0x04, 0x44, 0x10, 0xff, 0xf3, 0x0f, 0xff, 0x20, 0xff, 0xf2, 0x0e, 0xff,
    0x20, 0xef, 0xf2, 0x0e, 0xff, 0x20, 0xef, 0xf1, 0x0e, 0xff, 0x10, 0xdf,
    0xf1, 0x0d, 0xff, 0x10, 0xdf, 0xf1, 0x0d, 0xff, 0x00, 0xdf, 0xf0, 0x0d,
    0xff, 0x00, 0xcf, 0xf0, 0x06, 0x88, 0x00, 0x00, 0x00, 0x00, 0x00, 0x00,
    0x00, 0x00, 0x09, 0xeb, 0x15, 0xff, 0xf8, 0x6f, 0xff, 0x91, 0xcf, 0xe3,
    0x00, 0x21, 0x00,

    /* U+0022 """ */
    0x34, 0x41, 0x02, 0x44, 0x3a, 0xff, 0x40, 0x6f, 0xf9, 0xaf, 0xf4, 0x05,
    0xff, 0x89, 0xff, 0x30, 0x5f, 0xf8, 0x9f, 0xf2, 0x04, 0xff, 0x78, 0xff,
    0x20, 0x3f, 0xf7, 0x7f, 0xf1, 0x03, 0xff, 0x67, 0xff, 0x10, 0x2f, 0xf5,
    0x6f, 0xf0, 0x02, 0xff, 0x53, 0x98, 0x00, 0x19, 0x93,

    /* U+0023 "#" */
    0x00, 0x00, 0x00, 0x14, 0x40, 0x00, 0x00, 0x04, 0x41, 0x00, 0x00, 0x00,
    0x00, 0x5f, 0xf0, 0x00, 0x00, 0x3f, 0xf3, 0x00, 0x00, 0x00, 0x00, 0x8f,
    0xd0, 0x00, 0x00, 0x5f, 0xf0, 0x00, 0x00, 0x00, 0x00, 0xaf, 0xa0, 0x00,
    0x00, 0x8f, 0xd0, 0x00, 0x00, 0x00, 0x00, 0xdf, 0x80, 0x00, 0x00, 0xaf,
    0xa0, 0x00, 0x00, 0x00, 0x00, 0xff, 0x50, 0x00, 0x00, 0xdf, 0x80, 0x00,
    0x00, 0x00, 0x03, 0xff, 0x30, 0x00, 0x00, 0xff, 0x50, 0x00, 0x00, 0xad,
    0xdf, 0xff, 0xdd, 0xdd, 0xdf, 0xff, 0xfd, 0xd8, 0x00, 0xef, 0xff, 0xff,
    0xff, 0xff, 0xff, 0xff, 0xff, 0xf7, 0x00, 0x88, 0x8f, 0xff, 0x88, 0x88,
    0x8f, 0xff, 0x88, 0x83, 0x00, 0x00, 0x0d, 0xf8, 0x00, 0x00, 0x0a, 0xfb,
    0x00, 0x00, 0x00, 0x00, 0x0f, 0xf5, 0x00, 0x00, 0x0c, 0xf8, 0x00, 0x00,
    0x00, 0x00, 0x2f, 0xf3, 0x00, 0x00, 0x0f, 0xf6, 0x00, 0x00, 0x00, 0x00,
    0x5f, 0xf1, 0x00, 0x00, 0x2f, 0xf3, 0x00, 0x00, 0x00, 0x00, 0x7f, 0xd0,
    0x00, 0x00, 0x5f, 0xf1, 0x00, 0x00, 0x2c, 0xcc, 0xff, 0xfc, 0xcc, 0xcc,
    0xff, 0xfc, 0xcc, 0x30, 0x4f, 0xff, 0xff, 0xff, 0xff, 0xff, 0xff, 0xff,
    0xff, 0x20, 0x49, 0x99, 0xff, 0xe9, 0x99, 0x99, 0xff, 0xf9, 0x99, 0x00,
    0x00, 0x02, 0xff, 0x30, 0x00, 0x00, 0xff, 0x60, 0x00, 0x00, 0x00, 0x05,
    0xff, 0x10, 0x00, 0x02, 0xff, 0x40, 0x00, 0x00, 0x00, 0x07, 0xfd, 0x00,
    0x00, 0x05, 0xff, 0x10, 0x00, 0x00, 0x00, 0x0a, 0xfb, 0x00, 0x00, 0x07,
    0xfe, 0x00, 0x00, 0x00, 0x00, 0x0c, 0xf8, 0x00, 0x00, 0x0a, 0xfb, 0x00,
    0x00, 0x00, 0x00, 0x0e, 0xf6, 0x00, 0x00, 0x0c, 0xf9, 0x00, 0x00, 0x00,

    /* U+0024 "$" */
    0x00, 0x00, 0x00, 0x00, 0x7a, 0x20, 0x00, 0x00, 0x00, 0x00, 0x00, 0x00,
    0x00, 0xaf, 0x30, 0x00, 0x00, 0x00, 0x00, 0x00, 0x00, 0x00, 0xaf, 0x30,
    0x00, 0x00, 0x00, 0x00, 0x00, 0x00, 0x26, 0xff, 0xb6, 0x20, 0x00, 0x00,
    0x00, 0x00, 0x4c, 0xff, 0xff, 0xff, 0xfb, 0x30, 0x00, 0x00, 0x07, 0xff,
    0xff, 0xff, 0xff, 0xff, 0xf6, 0x00, 0x00, 0x6f, 0xff, 0xa4, 0xcf, 0x66,
    0xcf, 0xff, 0x50, 0x01, 0xef, 0xf5, 0x00, 0xaf, 0x30, 0x08, 0xff, 0xd0,
    0x05, 0xff, 0xa0, 0x00, 0xaf, 0x30, 0x00, 0xcf, 0xf3, 0x08, 0xff, 0x60,
    0x00, 0xaf, 0x30, 0x00, 0x59, 0x93, 0x07, 0xff, 0x70, 0x00, 0xaf, 0x30,
    0x00, 0x00, 0x00, 0x05, 0xff, 0xd1, 0x00, 0xaf, 0x30, 0x00, 0x00, 0x00,
    0x00, 0xdf, 0xfd, 0x40, 0xaf, 0x30, 0x00, 0x00, 0x00, 0x00, 0x3e, 0xff,
    0xfd, 0xff, 0x30, 0x00, 0x00, 0x00, 0x00, 0x03, 0xcf, 0xff, 0xff, 0xfa,
    0x50, 0x00, 0x00, 0x00, 0x00, 0x05, 0xbf, 0xff, 0xff, 0xfe, 0x70, 0x00,
    0x00, 0x00, 0x00, 0x01, 0xff, 0xff, 0xff, 0xfb, 0x10, 0x00, 0x00, 0x00,
    0x00, 0xaf, 0x34, 0xaf, 0xff, 0xb0, 0x00, 0x00, 0x00, 0x00, 0xaf, 0x30,
    0x03, 0xef, 0xf4, 0x00, 0x00, 0x00, 0x00, 0xaf, 0x30, 0x00, 0x6f, 0xf9,
    0x01, 0x11, 0x00, 0x00, 0xaf, 0x30, 0x00, 0x3f, 0xfa, 0x1f, 0xff, 0x00,
    0x00, 0xaf, 0x30, 0x00, 0x5f, 0xf9, 0x0d, 0xff, 0x60, 0x00, 0xaf, 0x30,
    0x00, 0xbf, 0xf6, 0x06, 0xff, 0xe5, 0x00, 0xaf, 0x30, 0x1a, 0xff, 0xe1,
    0x00, 0xcf, 0xff, 0xb7, 0xff, 0x89, 0xef, 0xff, 0x50, 0x00, 0x1b, 0xff,
    0xff, 0xff, 0xff, 0xff, 0xe6, 0x00, 0x00, 0x00, 0x5c, 0xff, 0xff, 0xff,
    0xe9, 0x20, 0x00, 0x00, 0x00, 0x00, 0x14, 0xff, 0x83, 0x00, 0x00, 0x00,
    0x00, 0x00, 0x00, 0x00, 0xaf, 0x30, 0x00, 0x00, 0x00, 0x00, 0x00, 0x00,
    0x00, 0xaf, 0x30, 0x00, 0x00, 0x00, 0x00, 0x00, 0x00, 0x00, 0x46, 0x10,
    0x00, 0x00, 0x00,

    /* U+0025 "%" */
    0x00, 0x05, 0x99, 0x71, 0x00, 0x00, 0x00, 0x00, 0x00, 0x03, 0x44, 0x00,
    0x00, 0x1c, 0xff, 0xff, 0xe4, 0x00, 0x00, 0x00, 0x00, 0x04, 0xff, 0x60,
    0x00, 0x0b, 0xfe, 0x87, 0xcf, 0xe1, 0x00, 0x00, 0x00, 0x01, 0xdf, 0xb0,
    0x00, 0x02, 0xff, 0x60, 0x01, 0xef, 0x70, 0x00, 0x00, 0x00, 0x9f, 0xe2,
    0x00, 0x00, 0x5f, 0xf1, 0x00, 0x0b, 0xfa, 0x00, 0x00, 0x00, 0x4f, 0xf5,
    0x00, 0x00, 0x06, 0xff, 0x00, 0x00, 0xaf, 0xb0, 0x00, 0x00, 0x1e, 0xfa,
    0x00, 0x00, 0x00, 0x6f, 0xf0, 0x00, 0x0b, 0xfa, 0x00, 0x00, 0x0a, 0xfe,
    0x10, 0x00, 0x00, 0x04, 0xff, 0x30, 0x00, 0xdf, 0x80, 0x00, 0x05, 0xff,
    0x40, 0x00, 0x00, 0x00, 0x0e, 0xfc, 0x32, 0x8f, 0xf3, 0x00, 0x02, 0xef,
    0x90, 0x00, 0x00, 0x00, 0x00, 0x4f, 0xff, 0xff, 0xf9, 0x00, 0x00, 0xbf,
    0xd1, 0x00, 0x00, 0x00, 0x00, 0x00, 0x4b, 0xef, 0xc6, 0x00, 0x00, 0x6f,
    0xf4, 0x00, 0x00, 0x00, 0x00, 0x00, 0x00, 0x00, 0x00, 0x00, 0x00, 0x2e,
    0xf8, 0x00, 0x00, 0x00, 0x00, 0x00, 0x00, 0x00, 0x00, 0x00, 0x00, 0x0c,
    0xfc, 0x00, 0x00, 0x00, 0x00, 0x00, 0x00, 0x00, 0x00, 0x00, 0x00, 0x07,
    0xff, 0x30, 0x00, 0x00, 0x23, 0x10, 0x00, 0x00, 0x00, 0x00, 0x00, 0x03,
    0xff, 0x70, 0x00, 0x05, 0xdf, 0xff, 0xa1, 0x00, 0x00, 0x00, 0x00, 0x00,
    0xcf, 0xc0, 0x00, 0x05, 0xff, 0xed, 0xff, 0xd0, 0x00, 0x00, 0x00, 0x00,
    0x8f, 0xe2, 0x00, 0x00, 0xdf, 0xb1, 0x04, 0xff, 0x60, 0x00, 0x00, 0x00,
    0x3f, 0xf6, 0x00, 0x00, 0x3f, 0xf4, 0x00, 0x0b, 0xfb, 0x00, 0x00, 0x00,
    0x1d, 0xfb, 0x00, 0x00, 0x04, 0xff, 0x20, 0x00, 0x9f, 0xc0, 0x00, 0x00,
    0x09, 0xfe, 0x20, 0x00, 0x00, 0x4f, 0xf1, 0x00, 0x09, 0xfc, 0x00, 0x00,
    0x04, 0xff, 0x50, 0x00, 0x00, 0x03, 0xff, 0x30, 0x00, 0xaf, 0xb0, 0x00,
    0x01, 0xef, 0xa0, 0x00, 0x00, 0x00, 0x0e, 0xf9, 0x00, 0x2e, 0xf8, 0x00,
    0x00, 0xaf, 0xe1, 0x00, 0x00, 0x00, 0x00, 0x7f, 0xfc, 0xae, 0xfe, 0x10,
    0x00, 0x5f, 0xf4, 0x00, 0x00, 0x00, 0x00, 0x00, 0x9f, 0xff, 0xfd, 0x30,
    0x00, 0x00, 0x00, 0x00, 0x00, 0x00, 0x00, 0x00, 0x00, 0x25, 0x64, 0x00,
    0x00,

    /* U+0026 "&" */
    0x00, 0x00, 0x00, 0x46, 0x75, 0x10, 0x00, 0x00, 0x00, 0x00, 0x00, 0x00,
    0x5e, 0xff, 0xff, 0xf9, 0x10, 0x00, 0x00, 0x00, 0x00, 0x05, 0xff, 0xff,
    0xef, 0xff, 0xb0, 0x00, 0x00, 0x00, 0x00, 0x1e, 0xff, 0x71, 0x03, 0xcf,
    0xf6, 0x00, 0x00, 0x00, 0x00, 0x5f, 0xf9, 0x00, 0x00, 0x3f, 0xfb, 0x00,
    0x00, 0x00, 0x00, 0x7f, 0xf6, 0x00, 0x00, 0x0f, 0xfd, 0x00, 0x00, 0x00,
    0x00, 0x6f, 0xf7, 0x00, 0x00, 0x2f, 0xfb, 0x00, 0x00, 0x00, 0x00, 0x3f,
    0xfc, 0x00, 0x00, 0xcf, 0xf6, 0x00, 0x00, 0x00, 0x00, 0x0c, 0xff, 0x60,
    0x1b, 0xff, 0xd0, 0x00, 0x00, 0x00, 0x00, 0x04, 0xff, 0xf7, 0xef, 0xfd,
    0x20, 0x00, 0x00, 0x00, 0x00, 0x00, 0x8f, 0xff, 0xff, 0xc1, 0x00, 0x00,
    0x00, 0x00, 0x00, 0x00, 0x2f, 0xff, 0xf9, 0x00, 0x00, 0x00, 0x00, 0x00,
    0x00, 0x04, 0xef, 0xff, 0xf9, 0x00, 0x00, 0x00, 0x00, 0x00, 0x00, 0x5f,
    0xff, 0xdf, 0xff, 0x70, 0x00, 0x04, 0x43, 0x00, 0x03, 0xff, 0xf9, 0x03,
    0xff, 0xf4, 0x00, 0x1f, 0xfa, 0x00, 0x0c, 0xff, 0x80, 0x00, 0x6f, 0xfe,
    0x20, 0x2f, 0xf9, 0x00, 0x3f, 0xfd, 0x00, 0x00, 0x08, 0xff, 0xd1, 0x6f,
    0xf7, 0x00, 0x5f, 0xf9, 0x00, 0x00, 0x00, 0xaf, 0xfb, 0xcf, 0xf3, 0x00,
    0x5f, 0xf9, 0x00, 0x00, 0x00, 0x1c, 0xff, 0xff, 0xc0, 0x00, 0x2f, 0xfc,
    0x00, 0x00, 0x00, 0x02, 0xff, 0xff, 0x30, 0x00, 0x0c, 0xff, 0x70, 0x00,
    0x00, 0x04, 0xff, 0xff, 0x40, 0x00, 0x03, 0xff, 0xfb, 0x53, 0x36, 0xbf,
    0xff, 0xff, 0xe2, 0x00, 0x00, 0x5e, 0xff, 0xff, 0xff, 0xff, 0xf8, 0x8f,
    0xfc, 0x10, 0x00, 0x02, 0x9e, 0xff, 0xff, 0xea, 0x30, 0x0a, 0xff, 0xa0,
    0x00, 0x00, 0x00, 0x24, 0x43, 0x00, 0x00, 0x00, 0x00, 0x00,

    /* U+0027 "'" */
    0x34, 0x41, 0xaf, 0xf4, 0xaf, 0xf4, 0x9f, 0xf3, 0x9f, 0xf2, 0x8f, 0xf2,
    0x7f, 0xf1, 0x7f, 0xf1, 0x6f, 0xf0, 0x39, 0x80,

    /* U+0028 "(" */
    0x00, 0x00, 0x8b, 0xa0, 0x00, 0x03, 0xff, 0x90, 0x00, 0x0b, 0xff, 0x30,
    0x00, 0x2f, 0xfc, 0x00, 0x00, 0x8f, 0xf6, 0x00, 0x00, 0xdf, 0xf1, 0x00,
    0x02, 0xff, 0xb0, 0x00, 0x07, 0xff, 0x70, 0x00, 0x0a, 0xff, 0x30, 0x00,
    0x0e, 0xff, 0x00, 0x00, 0x2f, 0xfc, 0x00, 0x00, 0x4f, 0xf9, 0x00, 0x00,
    0x6f, 0xf7, 0x00, 0x00, 0x7f, 0xf5, 0x00, 0x00, 0x8f, 0xf5, 0x00, 0x00,
    0x9f, 0xf4, 0x00, 0x00, 0x8f, 0xf5, 0x00, 0x00, 0x8f, 0xf6, 0x00, 0x00,
    0x6f, 0xf7, 0x00, 0x00, 0x4f, 0xfa, 0x00, 0x00, 0x1f, 0xfd, 0x00, 0x00,
    0x0c, 0xff, 0x20, 0x00, 0x08, 0xff, 0x60, 0x00, 0x03, 0xff, 0xb0, 0x00,
    0x00, 0xdf, 0xf1, 0x00, 0x00, 0x7f, 0xf7, 0x00, 0x00, 0x1e, 0xfd, 0x00,
    0x00, 0x08, 0xff, 0x50, 0x00, 0x01, 0xef, 0xc0, 0x00, 0x00, 0x45, 0x50,

    /* U+0029 ")" */
    0x4b, 0xb4, 0x00, 0x00, 0x1e, 0xfd, 0x00, 0x00, 0x08, 0xff, 0x60, 0x00,
    0x02, 0xff, 0xc0, 0x00, 0x00, 0xbf, 0xf3, 0x00, 0x00, 0x6f, 0xf8, 0x00,
    0x00, 0x1f, 0xfd, 0x00, 0x00, 0x0c, 0xff, 0x20, 0x00, 0x08, 0xff, 0x60,
    0x00, 0x05, 0xff, 0x90, 0x00, 0x02, 0xff, 0xc0, 0x00, 0x00, 0xef, 0xe0,
    0x00, 0x00, 0xcf, 0xf1, 0x00, 0x00, 0xaf, 0xf2, 0x00, 0x00, 0xaf, 0xf3,
    0x00, 0x00, 0x9f, 0xf4, 0x00, 0x00, 0xaf, 0xf3, 0x00, 0x00, 0xbf, 0xf3,
    0x00, 0x00, 0xdf, 0xf1, 0x00, 0x00, 0xff, 0xe0, 0x00, 0x03, 0xff, 0xb0,
    0x00, 0x07, 0xff, 0x70, 0x00, 0x0b, 0xff, 0x30, 0x00, 0x1f, 0xfd, 0x00,
    0x00, 0x6f, 0xf7, 0x00, 0x00, 0xcf, 0xf2, 0x00, 0x03, 0xff, 0xa0, 0x00,
    0x0a, 0xff, 0x30, 0x00, 0x2f, 0xfa, 0x00, 0x00, 0x25, 0x52, 0x00, 0x00,

    /* U+002A "*" */
    0x00, 0x00, 0x00, 0x44, 0x10, 0x00, 0x00, 0x00, 0x00, 0x01, 0xff, 0x20,
    0x00, 0x00, 0x00, 0x00, 0x01, 0xff, 0x10, 0x00, 0x00, 0x06, 0x91, 0x00,
    0xff, 0x00, 0x19, 0x60, 0x1d, 0xfe, 0x50, 0xef, 0x05, 0xdf, 0xe1, 0x06,
    0xdf, 0xfb, 0xef, 0xaf, 0xfd, 0x60, 0x00, 0x06, 0xdf, 0xff, 0xfe, 0x60,
    0x00, 0x00, 0x00, 0x6f, 0xff, 0xf6, 0x00, 0x00, 0x00, 0x5d, 0xff, 0xff,
    0xff, 0xd5, 0x00, 0x1c, 0xff, 0xd4, 0xef, 0x3c, 0xff, 0xc1, 0x0a, 0xf8,
    0x00, 0xff, 0x00, 0x7f, 0xb0, 0x02, 0x30, 0x00, 0xff, 0x10, 0x02, 0x20,
    0x00, 0x00, 0x01, 0xff, 0x10, 0x00, 0x00, 0x00, 0x00, 0x01, 0xcc, 0x20,
    0x00, 0x00,

    /* U+002B "+" */
    0x00, 0x00, 0x00, 0x7a, 0x90, 0x00, 0x00, 0x00, 0x00, 0x00, 0x00, 0xbf,
    0xe0, 0x00, 0x00, 0x00, 0x00, 0x00, 0x00, 0xbf, 0xe0, 0x00, 0x00, 0x00,
    0x00, 0x00, 0x00, 0xbf, 0xe0, 0x00, 0x00, 0x00, 0x00, 0x00, 0x00, 0xbf,
    0xe0, 0x00, 0x00, 0x00, 0x00, 0x00, 0x00, 0xbf, 0xe0, 0x00, 0x00, 0x00,
    0x55, 0x55, 0x55, 0xff, 0xf5, 0x55, 0x55, 0x51, 0xef, 0xff, 0xff, 0xff,
    0xff, 0xff, 0xff, 0xf2, 0xef, 0xff, 0xff, 0xff, 0xff, 0xff, 0xff, 0xf2,
    0x22, 0x22, 0x22, 0xdf, 0xf2, 0x22, 0x22, 0x20, 0x00, 0x00, 0x00, 0xbf,
    0xe0, 0x00, 0x00, 0x00, 0x00, 0x00, 0x00, 0xbf, 0xe0, 0x00, 0x00, 0x00,
    0x00, 0x00, 0x00, 0xbf, 0xe0, 0x00, 0x00, 0x00, 0x00, 0x00, 0x00, 0xbf,
    0xe0, 0x00, 0x00, 0x00, 0x00, 0x00, 0x00, 0xbf, 0xe0, 0x00, 0x00, 0x00,
    0x00, 0x00, 0x00, 0x57, 0x60, 0x00, 0x00, 0x00,

    /* U+002C "," */
    0x03, 0x44, 0x20, 0xbf, 0xf6, 0x0e, 0xff, 0x21, 0xff, 0xc0, 0x3f, 0xf8,
    0x06, 0xff, 0x40, 0x8f, 0xf1, 0x0a, 0xfb, 0x00, 0xdf, 0x70, 0x08, 0x92,
    0x00,

    /* U+002D "-" */
    0x34, 0x44, 0x44, 0x44, 0x44, 0x2b, 0xff, 0xff, 0xff, 0xff, 0xf7, 0xbf,
    0xff, 0xff, 0xff, 0xff, 0x74, 0x55, 0x55, 0x55, 0x55, 0x53,

    /* U+002E "." */
    0x00, 0x00, 0x00, 0xae, 0xb1, 0x6f, 0xff, 0x96, 0xff, 0xfa, 0x1c, 0xfe,
    0x30, 0x02, 0x10,

    /* U+002F "/" */
    0x00, 0x00, 0x00, 0x00, 0x56, 0x40, 0x00, 0x00, 0x00, 0x1f, 0xf9, 0x00,
    0x00, 0x00, 0x04, 0xff, 0x50, 0x00, 0x00, 0x00, 0x8f, 0xf1, 0x00, 0x00,
    0x00, 0x0c, 0xfc, 0x00, 0x00, 0x00, 0x01, 0xff, 0x70, 0x00, 0x00, 0x00,
    0x5f, 0xf3, 0x00, 0x00, 0x00, 0x0a, 0xfe, 0x00, 0x00, 0x00, 0x00, 0xdf,
    0xa0, 0x00, 0x00, 0x00, 0x3f, 0xf6, 0x00, 0x00, 0x00, 0x07, 0xff, 0x20,
    0x00, 0x00, 0x00, 0xbf, 0xd0, 0x00, 0x00, 0x00, 0x0e, 0xf9, 0x00, 0x00,
    0x00, 0x04, 0xff, 0x50, 0x00, 0x00, 0x00, 0x8f, 0xf1, 0x00, 0x00, 0x00,
    0x0c, 0xfc, 0x00, 0x00, 0x00, 0x01, 0xff, 0x80, 0x00, 0x00, 0x00, 0x5f,
    0xf4, 0x00, 0x00, 0x00, 0x09, 0xff, 0x00, 0x00, 0x00, 0x00, 0xdf, 0xb0,
    0x00, 0x00, 0x00, 0x2f, 0xf7, 0x00, 0x00, 0x00, 0x06, 0xff, 0x30, 0x00,
    0x00, 0x00, 0xaf, 0xe0, 0x00, 0x00, 0x00, 0x0e, 0xfa, 0x00, 0x00, 0x00,
    0x03, 0xff, 0x60, 0x00, 0x00, 0x00, 0x7f, 0xf2, 0x00, 0x00, 0x00, 0x0b,
    0xfd, 0x00, 0x00, 0x00, 0x01, 0xff, 0x90, 0x00, 0x00, 0x00, 0x28, 0x83,
    0x00, 0x00, 0x00, 0x00,

    /* U+0030 "0" */
    0x00, 0x00, 0x00, 0x26, 0x88, 0x73, 0x00, 0x00, 0x00, 0x00, 0x00, 0x1a,
    0xff, 0xff, 0xff, 0xc3, 0x00, 0x00, 0x00, 0x02, 0xdf, 0xff, 0xff, 0xff,
    0xfe, 0x40, 0x00, 0x00, 0x0c, 0xff, 0xd5, 0x10, 0x3b, 0xff, 0xe2, 0x00,
    0x00, 0x7f, 0xfd, 0x10, 0x00, 0x00, 0xbf, 0xfa, 0x00, 0x00, 0xef, 0xf3,
    0x00, 0x00, 0x00, 0x1e, 0xff, 0x20, 0x05, 0xff, 0xb0, 0x00, 0x00, 0x00,
    0x08, 0xff, 0x70, 0x09, 0xff, 0x50, 0x00, 0x00, 0x00, 0x03, 0xff, 0xb0,
    0x0c, 0xff, 0x20, 0x00, 0x00, 0x00, 0x00, 0xef, 0xe0, 0x0e, 0xfe, 0x00,
    0x00, 0x00, 0x00, 0x00, 0xcf, 0xf2, 0x0f, 0xfd, 0x00, 0x00, 0x00, 0x00,
    0x00, 0xaf, 0xf3, 0x1f, 0xfc, 0x00, 0x00, 0x00, 0x00, 0x00, 0x9f, 0xf4,
    0x1f, 0xfc, 0x00, 0x00, 0x00, 0x00, 0x00, 0x9f, 0xf4, 0x1f, 0xfc, 0x00,
    0x00, 0x00, 0x00, 0x00, 0xaf, 0xf4, 0x0f, 0xfd, 0x00, 0x00, 0x00, 0x00,
    0x00, 0xbf, 0xf3, 0x0d, 0xff, 0x00, 0x00, 0x00, 0x00, 0x00, 0xcf, 0xf1,
    0x0b, 0xff, 0x30, 0x00, 0x00, 0x00, 0x00, 0xff, 0xe0, 0x08, 0xff, 0x70,
    0x00, 0x00, 0x00, 0x04, 0xff, 0xb0, 0x03, 0xff, 0xd0, 0x00, 0x00, 0x00,
    0x0a, 0xff, 0x60, 0x00, 0xdf, 0xf5, 0x00, 0x00, 0x00, 0x3f, 0xfe, 0x10,
    0x00, 0x5f, 0xfe, 0x30, 0x00, 0x02, 0xdf, 0xf8, 0x00, 0x00, 0x0a, 0xff,
    0xf9, 0x55, 0x8e, 0xff, 0xd1, 0x00, 0x00, 0x01, 0xbf, 0xff, 0xff, 0xff,
    0xfd, 0x20, 0x00, 0x00, 0x00, 0x06, 0xdf, 0xff, 0xfe, 0x81, 0x00, 0x00,
    0x00, 0x00, 0x00, 0x02, 0x44, 0x30, 0x00, 0x00, 0x00,

    /* U+0031 "1" */
    0x00, 0x00, 0x03, 0x44, 0x41, 0x00, 0x00, 0x7f, 0xff, 0xf3, 0x00, 0x2b,
    0xff, 0xff, 0xf3, 0x04, 0xef, 0xfd, 0xdf, 0xf3, 0x5f, 0xff, 0xa1, 0xbf,
    0xf3, 0x8f, 0xf6, 0x00, 0xbf, 0xf3, 0x8d, 0x30, 0x00, 0xbf, 0xf3, 0x31,
    0x00, 0x00, 0xbf, 0xf3, 0x00, 0x00, 0x00, 0xbf, 0xf3, 0x00, 0x00, 0x00,
    0xbf, 0xf3, 0x00, 0x00, 0x00, 0xbf, 0xf3, 0x00, 0x00, 0x00, 0xbf, 0xf3,
    0x00, 0x00, 0x00, 0xbf, 0xf3, 0x00, 0x00, 0x00, 0xbf, 0xf3, 0x00, 0x00,
    0x00, 0xbf, 0xf3, 0x00, 0x00, 0x00, 0xbf, 0xf3, 0x00, 0x00, 0x00, 0xbf,
    0xf3, 0x00, 0x00, 0x00, 0xbf, 0xf3, 0x00, 0x00, 0x00, 0xbf, 0xf3, 0x00,
    0x00, 0x00, 0xbf, 0xf3, 0x00, 0x00, 0x00, 0xbf, 0xf3, 0x00, 0x00, 0x00,
    0xbf, 0xf3, 0x00, 0x00, 0x00, 0xbf, 0xf3, 0x00, 0x00, 0x00, 0xbf, 0xf3,

    /* U+0032 "2" */
    0x00, 0x00, 0x04, 0x78, 0x86, 0x10, 0x00, 0x00, 0x00, 0x05, 0xdf, 0xff,
    0xff, 0xf9, 0x10, 0x00, 0x00, 0x9f, 0xff, 0xff, 0xff, 0xff, 0xd2, 0x00,
    0x06, 0xff, 0xf7, 0x20, 0x15, 0xdf, 0xfc, 0x00, 0x0d, 0xff, 0x40, 0x00,
    0x00, 0x1c, 0xff, 0x50, 0x4f, 0xfa, 0x00, 0x00, 0x00, 0x04, 0xff, 0xa0,
    0x6f, 0xf6, 0x00, 0x00, 0x00, 0x00, 0xff, 0xc0, 0x25, 0x52, 0x00, 0x00,
    0x00, 0x00, 0xff, 0xc0, 0x00, 0x00, 0x00, 0x00, 0x00, 0x04, 0xff, 0x90,
    0x00, 0x00, 0x00, 0x00, 0x00, 0x0a, 0xff, 0x50, 0x00, 0x00, 0x00, 0x00,
    0x00, 0x5f, 0xfc, 0x00, 0x00, 0x00, 0x00, 0x00, 0x03, 0xef, 0xf3, 0x00,
    0x00, 0x00, 0x00, 0x00, 0x2d, 0xff, 0x70, 0x00, 0x00, 0x00, 0x00, 0x01,
    0xcf, 0xfa, 0x00, 0x00, 0x00, 0x00, 0x00, 0x1c, 0xff, 0xb0, 0x00, 0x00,
    0x00, 0x00, 0x00, 0xbf, 0xfc, 0x10, 0x00, 0x00, 0x00, 0x00, 0x0a, 0xff,
    0xd1, 0x00, 0x00, 0x00, 0x00, 0x00, 0x9f, 0xfd, 0x20, 0x00, 0x00, 0x00,
    0x00, 0x08, 0xff, 0xe2, 0x00, 0x00, 0x00, 0x00, 0x00, 0x6f, 0xfe, 0x30,
    0x00, 0x00, 0x00, 0x00, 0x05, 0xff, 0xe3, 0x00, 0x00, 0x00, 0x00, 0x00,
    0x4f, 0xff, 0xc9, 0x99, 0x99, 0x99, 0x99, 0x92, 0x9f, 0xff, 0xff, 0xff,
    0xff, 0xff, 0xff, 0xf4, 0x9f, 0xff, 0xff, 0xff, 0xff, 0xff, 0xff, 0xf4,

    /* U+0033 "3" */
    0x00, 0x00, 0x00, 0x37, 0x88, 0x63, 0x00, 0x00, 0x00, 0x00, 0x05, 0xdf,
    0xff, 0xff, 0xfc, 0x30, 0x00, 0x00, 0x09, 0xff, 0xff, 0xff, 0xff, 0xff,
    0x50, 0x00, 0x08, 0xff, 0xf8, 0x30, 0x14, 0xbf, 0xfe, 0x20, 0x01, 0xef,
    0xf3, 0x00, 0x00, 0x00, 0xaf, 0xf8, 0x00, 0x5f, 0xf9, 0x00, 0x00, 0x00,
    0x02, 0xff, 0xd0, 0x04, 0x99, 0x30, 0x00, 0x00, 0x00, 0x0e, 0xff, 0x00,
    0x00, 0x00, 0x00, 0x00, 0x00, 0x00, 0xff, 0xe0, 0x00, 0x00, 0x00, 0x00,
    0x00, 0x00, 0x4f, 0xfb, 0x00, 0x00, 0x00, 0x00, 0x00, 0x00, 0x2d, 0xff,
    0x40, 0x00, 0x00, 0x00, 0x13, 0x35, 0x9e, 0xff, 0x70, 0x00, 0x00, 0x00,
    0x06, 0xff, 0xff, 0xfb, 0x40, 0x00, 0x00, 0x00, 0x00, 0x6f, 0xff, 0xff,
    0xc8, 0x10, 0x00, 0x00, 0x00, 0x02, 0x56, 0x79, 0xef, 0xfe, 0x30, 0x00,
    0x00, 0x00, 0x00, 0x00, 0x01, 0x9f, 0xfe, 0x10, 0x00, 0x00, 0x00, 0x00,
    0x00, 0x00, 0xbf, 0xf7, 0x00, 0x00, 0x00, 0x00, 0x00, 0x00, 0x04, 0xff,
    0xb0, 0x00, 0x00, 0x00, 0x00, 0x00, 0x00, 0x2f, 0xfc, 0x0d, 0xdd, 0x10,
    0x00, 0x00, 0x00, 0x03, 0xff, 0xc0, 0xcf, 0xf6, 0x00, 0x00, 0x00, 0x00,
    0x9f, 0xf9, 0x06, 0xff, 0xe4, 0x00, 0x00, 0x00, 0x7f, 0xff, 0x30, 0x0b,
    0xff, 0xfb, 0x75, 0x58, 0xdf, 0xff, 0x70, 0x00, 0x1b, 0xff, 0xff, 0xff,
    0xff, 0xff, 0x70, 0x00, 0x00, 0x05, 0xbf, 0xff, 0xff, 0xe9, 0x20, 0x00,
    0x00, 0x00, 0x00, 0x13, 0x44, 0x20, 0x00, 0x00, 0x00,

    /* U+0034 "4" */
    0x00, 0x00, 0x00, 0x00, 0x00, 0x05, 0x84, 0x30, 0x00, 0x00, 0x00, 0x00,
    0x00, 0x00, 0x7f, 0xff, 0xa0, 0x00, 0x00, 0x00, 0x00, 0x00, 0x02, 0xef,
    0xff, 0xa0, 0x00, 0x00, 0x00, 0x00, 0x00, 0x0a, 0xff, 0xff, 0xa0, 0x00,
    0x00, 0x00, 0x00, 0x00, 0x5f, 0xfd, 0xff, 0xa0, 0x00, 0x00, 0x00, 0x00,
    0x01, 0xef, 0xe3, 0xff, 0xa0, 0x00, 0x00, 0x00, 0x00, 0x09, 0xff, 0x52,
    0xff, 0xa0, 0x00, 0x00, 0x00, 0x00, 0x3f, 0xfb, 0x02, 0xff, 0xa0, 0x00,
    0x00, 0x00, 0x00, 0xcf, 0xe2, 0x02, 0xff, 0xa0, 0x00, 0x00, 0x00, 0x07,
    0xff, 0x70, 0x02, 0xff, 0xa0, 0x00, 0x00, 0x00, 0x2f, 0xfc, 0x00, 0x02,
    0xff, 0xa0, 0x00, 0x00, 0x00, 0xbf, 0xf3, 0x00, 0x02, 0xff, 0xa0, 0x00,
    0x00, 0x06, 0xff, 0x80, 0x00, 0x02, 0xff, 0xa0, 0x00, 0x00, 0x1e, 0xfd,
    0x10, 0x00, 0x02, 0xff, 0xa0, 0x00, 0x00, 0xaf, 0xf4, 0x00, 0x00, 0x02,
    0xff, 0xa0, 0x00, 0x04, 0xff, 0xa0, 0x00, 0x00, 0x02, 0xff, 0xa0, 0x00,
    0x0d, 0xff, 0x75, 0x55, 0x55, 0x58, 0xff, 0xf5, 0x54, 0x2f, 0xff, 0xff,
    0xff, 0xff, 0xff, 0xff, 0xff, 0xfc, 0x2f, 0xff, 0xff, 0xff, 0xff, 0xff,
    0xff, 0xff, 0xfc, 0x04, 0x44, 0x44, 0x44, 0x44, 0x47, 0xff, 0xe4, 0x43,
    0x00, 0x00, 0x00, 0x00, 0x00, 0x03, 0xff, 0xa0, 0x00, 0x00, 0x00, 0x00,
    0x00, 0x00, 0x03, 0xff, 0xa0, 0x00, 0x00, 0x00, 0x00, 0x00, 0x00, 0x03,
    0xff, 0xa0, 0x00, 0x00, 0x00, 0x00, 0x00, 0x00, 0x03, 0xff, 0xa0, 0x00,

    /* U+0035 "5" */
    0x01, 0x44, 0x44, 0x44, 0x44, 0x44, 0x44, 0x00, 0x05, 0xff, 0xff, 0xff,
    0xff, 0xff, 0xff, 0x00, 0x07, 0xff, 0xff, 0xff, 0xff, 0xff, 0xff, 0x00,
    0x09, 0xff, 0x75, 0x55, 0x55, 0x55, 0x55, 0x00, 0x0b, 0xff, 0x10, 0x00,
    0x00, 0x00, 0x00, 0x00, 0x0d, 0xff, 0x00, 0x00, 0x00, 0x00, 0x00, 0x00,
    0x0e, 0xfd, 0x00, 0x00, 0x00, 0x00, 0x00, 0x00, 0x1f, 0xfb, 0x00, 0x00,
    0x00, 0x00, 0x00, 0x00, 0x3f, 0xf9, 0x00, 0x23, 0x20, 0x00, 0x00, 0x00,
    0x5f, 0xf8, 0x7d, 0xff, 0xfe, 0xa3, 0x00, 0x00, 0x7f, 0xff, 0xff, 0xff,
    0xff, 0xff, 0x60, 0x00, 0x8f, 0xff, 0xd9, 0x66, 0x9e, 0xff, 0xf6, 0x00,
    0x36, 0x86, 0x00, 0x00, 0x01, 0xaf, 0xfe, 0x10, 0x00, 0x00, 0x00, 0x00,
    0x00, 0x0c, 0xff, 0x80, 0x00, 0x00, 0x00, 0x00, 0x00, 0x04, 0xff, 0xc0,
    0x00, 0x00, 0x00, 0x00, 0x00, 0x00, 0xef, 0xf0, 0x00, 0x00, 0x00, 0x00,
    0x00, 0x00, 0xdf, 0xf1, 0x00, 0x00, 0x00, 0x00, 0x00, 0x00, 0xef, 0xf0,
    0xcd, 0xd0, 0x00, 0x00, 0x00, 0x03, 0xff, 0xd0, 0xbf, 0xf5, 0x00, 0x00,
    0x00, 0x0a, 0xff, 0x80, 0x5f, 0xfe, 0x30, 0x00, 0x00, 0x8f, 0xfe, 0x20,
    0x0b, 0xff, 0xfa, 0x65, 0x7c, 0xff, 0xf5, 0x00, 0x01, 0xbf, 0xff, 0xff,
    0xff, 0xff, 0x60, 0x00, 0x00, 0x06, 0xcf, 0xff, 0xff, 0xa3, 0x00, 0x00,
    0x00, 0x00, 0x02, 0x34, 0x31, 0x00, 0x00, 0x00,

    /* U+0036 "6" */
    0x00, 0x00, 0x00, 0x05, 0x78, 0x75, 0x00, 0x00, 0x00, 0x00, 0x00, 0x7e,
    0xff, 0xff, 0xfe, 0x70, 0x00, 0x00, 0x00, 0xaf, 0xff, 0xff, 0xff, 0xff,
    0xa0, 0x00, 0x00, 0x9f, 0xfe, 0x62, 0x12, 0x7f, 0xff, 0x80, 0x00, 0x3f,
    0xfd, 0x20, 0x00, 0x00, 0x4f, 0xff, 0x20, 0x0b, 0xff, 0x30, 0x00, 0x00,
    0x00, 0x9f, 0xf7, 0x01, 0xff, 0xa0, 0x00, 0x00, 0x00, 0x02, 0x99, 0x60,
    0x6f, 0xf5, 0x00, 0x00, 0x00, 0x00, 0x00, 0x00, 0x0a, 0xff, 0x10, 0x00,
    0x23, 0x20, 0x00, 0x00, 0x00, 0xcf, 0xd0, 0x07, 0xdf, 0xff, 0xe9, 0x20,
    0x00, 0x0e, 0xfc, 0x1c, 0xff, 0xff, 0xff, 0xfe, 0x40, 0x00, 0xff, 0xcc,
    0xff, 0xa6, 0x69, 0xef, 0xff, 0x30, 0x1f, 0xff, 0xfd, 0x30, 0x00, 0x01,
    0xbf, 0xfd, 0x01, 0xff, 0xff, 0x30, 0x00, 0x00, 0x00, 0xdf, 0xf5, 0x1f,
    0xff, 0x90, 0x00, 0x00, 0x00, 0x05, 0xff, 0xa0, 0xff, 0xf4, 0x00, 0x00,
    0x00, 0x00, 0x1f, 0xfc, 0x0d, 0xff, 0x20, 0x00, 0x00, 0x00, 0x00, 0xff,
    0xe0, 0xaf, 0xf4, 0x00, 0x00, 0x00, 0x00, 0x1f, 0xfc, 0x06, 0xff, 0x80,
    0x00, 0x00, 0x00, 0x05, 0xff, 0xa0, 0x1e, 0xfe, 0x20, 0x00, 0x00, 0x01,
    0xdf, 0xf5, 0x00, 0x8f, 0xfd, 0x20, 0x00, 0x01, 0xbf, 0xfd, 0x00, 0x00,
    0xcf, 0xfe, 0x96, 0x58, 0xef, 0xff, 0x30, 0x00, 0x01, 0xcf, 0xff, 0xff,
    0xff, 0xfe, 0x40, 0x00, 0x00, 0x00, 0x6d, 0xff, 0xff, 0xe9, 0x20, 0x00,
    0x00, 0x00, 0x00, 0x02, 0x44, 0x30, 0x00, 0x00, 0x00,

    /* U+0037 "7" */
    0x24, 0x44, 0x44, 0x44, 0x44, 0x44, 0x44, 0x42, 0x7f, 0xff, 0xff, 0xff,
    0xff, 0xff, 0xff, 0xf9, 0x7f, 0xff, 0xff, 0xff, 0xff, 0xff, 0xff, 0xf9,
    0x25, 0x55, 0x55, 0x55, 0x55, 0x55, 0xbf, 0xf8, 0x00, 0x00, 0x00, 0x00,
    0x00, 0x01, 0xef, 0xf1, 0x00, 0x00, 0x00, 0x00, 0x00, 0x08, 0xff, 0x80,
    0x00, 0x00, 0x00, 0x00, 0x00, 0x1e, 0xfe, 0x10, 0x00, 0x00, 0x00, 0x00,
    0x00, 0x8f, 0xf8, 0x00, 0x00, 0x00, 0x00, 0x00, 0x01, 0xef, 0xe1, 0x00,
    0x00, 0x00, 0x00, 0x00, 0x08, 0xff, 0x80, 0x00, 0x00, 0x00, 0x00, 0x00,
    0x1e, 0xfe, 0x10, 0x00, 0x00, 0x00, 0x00, 0x00, 0x8f, 0xf8, 0x00, 0x00,
    0x00, 0x00, 0x00, 0x02, 0xff, 0xe1, 0x00, 0x00, 0x00, 0x00, 0x00, 0x09,
    0xff, 0x80, 0x00, 0x00, 0x00, 0x00, 0x00, 0x2f, 0xfe, 0x10, 0x00, 0x00,
    0x00, 0x00, 0x00, 0x9f, 0xf8, 0x00, 0x00, 0x00, 0x00, 0x00, 0x02, 0xff,
    0xe1, 0x00, 0x00, 0x00, 0x00, 0x00, 0x09, 0xff, 0x80, 0x00, 0x00, 0x00,
    0x00, 0x00, 0x2f, 0xfe, 0x10, 0x00, 0x00, 0x00, 0x00, 0x00, 0x9f, 0xf8,
    0x00, 0x00, 0x00, 0x00, 0x00, 0x02, 0xff, 0xe1, 0x00, 0x00, 0x00, 0x00,
    0x00, 0x09, 0xff, 0x80, 0x00, 0x00, 0x00, 0x00, 0x00, 0x2f, 0xfe, 0x10,
    0x00, 0x00, 0x00, 0x00, 0x00, 0x9f, 0xf8, 0x00, 0x00, 0x00, 0x00, 0x00,

    /* U+0038 "8" */
    0x00, 0x00, 0x00, 0x47, 0x88, 0x62, 0x00, 0x00, 0x00, 0x00, 0x05, 0xdf,
    0xff, 0xff, 0xfb, 0x30, 0x00, 0x00, 0x08, 0xff, 0xff, 0xff, 0xff, 0xff,
    0x40, 0x00, 0x05, 0xff, 0xf9, 0x30, 0x04, 0xbf, 0xfe, 0x20, 0x00, 0xcf,
    0xf6, 0x00, 0x00, 0x00, 0xaf, 0xf9, 0x00, 0x2f, 0xfd, 0x00, 0x00, 0x00,
    0x02, 0xff, 0xd0, 0x03, 0xff, 0xa0, 0x00, 0x00, 0x00, 0x0e, 0xff, 0x00,
    0x2f, 0xfb, 0x00, 0x00, 0x00, 0x00, 0xef, 0xe0, 0x00, 0xdf, 0xe1, 0x00,
    0x00, 0x00, 0x4f, 0xfa, 0x00, 0x07, 0xff, 0xa0, 0x00, 0x00, 0x2d, 0xff,
    0x30, 0x00, 0x0b, 0xff, 0xd7, 0x45, 0x8e, 0xff, 0x70, 0x00, 0x00, 0x06,
    0xdf, 0xff, 0xff, 0xfc, 0x40, 0x00, 0x00, 0x04, 0xcf, 0xff, 0xff, 0xff,
    0xfa, 0x20, 0x00, 0x06, 0xff, 0xfb, 0x64, 0x57, 0xdf, 0xfe, 0x30, 0x02,
    0xff, 0xf5, 0x00, 0x00, 0x00, 0x8f, 0xfd, 0x10, 0xaf, 0xf7, 0x00, 0x00,
    0x00, 0x00, 0xbf, 0xf6, 0x0e, 0xff, 0x10, 0x00, 0x00, 0x00, 0x04, 0xff,
    0xb1, 0xff, 0xd0, 0x00, 0x00, 0x00, 0x00, 0x2f, 0xfd, 0x0f, 0xfe, 0x00,
    0x00, 0x00, 0x00, 0x03, 0xff, 0xd0, 0xcf, 0xf5, 0x00, 0x00, 0x00, 0x00,
    0x8f, 0xfa, 0x06, 0xff, 0xe3, 0x00, 0x00, 0x00, 0x6f, 0xff, 0x40, 0x0b,
    0xff, 0xfa, 0x64, 0x57, 0xcf, 0xff, 0x80, 0x00, 0x1b, 0xff, 0xff, 0xff,
    0xff, 0xff, 0x80, 0x00, 0x00, 0x05, 0xbf, 0xff, 0xff, 0xea, 0x30, 0x00,
    0x00, 0x00, 0x00, 0x13, 0x44, 0x20, 0x00, 0x00, 0x00,

    /* U+0039 "9" */
    0x00, 0x00, 0x01, 0x58, 0x98, 0x51, 0x00, 0x00, 0x00, 0x00, 0x07, 0xef,
    0xff, 0xff, 0xf9, 0x10, 0x00, 0x00, 0x0a, 0xff, 0xff, 0xff, 0xff, 0xfd,
    0x20, 0x00, 0x08, 0xff, 0xf9, 0x31, 0x26, 0xdf, 0xfd, 0x10, 0x03, 0xff,
    0xf5, 0x00, 0x00, 0x01, 0xbf, 0xf8, 0x00, 0x9f, 0xf8, 0x00, 0x00, 0x00,
    0x02, 0xef, 0xe1, 0x0d, 0xff, 0x20, 0x00, 0x00, 0x00, 0x09, 0xff, 0x50,
    0xff, 0xd0, 0x00, 0x00, 0x00, 0x00, 0x5f, 0xf9, 0x1f, 0xfd, 0x00, 0x00,
    0x00, 0x00, 0x05, 0xff, 0xb0, 0xef, 0xe0, 0x00, 0x00, 0x00, 0x00, 0x7f,
    0xfd, 0x0c, 0xff, 0x50, 0x00, 0x00, 0x00, 0x0d, 0xff, 0xe0, 0x6f, 0xfd,
    0x10, 0x00, 0x00, 0x08, 0xff, 0xfe, 0x01, 0xdf, 0xfd, 0x30, 0x00, 0x19,
    0xff, 0xff, 0xd0, 0x03, 0xef, 0xff, 0xdb, 0xcf, 0xff, 0x5d, 0xfc, 0x00,
    0x02, 0xdf, 0xff, 0xff, 0xfe, 0x60, 0xef, 0xb0, 0x00, 0x00, 0x5a, 0xcd,
    0xc8, 0x20, 0x1f, 0xf9, 0x00, 0x00, 0x00, 0x00, 0x00, 0x00, 0x04, 0xff,
    0x60, 0x00, 0x00, 0x00, 0x00, 0x00, 0x00, 0x8f, 0xf2, 0x0b, 0xee, 0x30,
    0x00, 0x00, 0x00, 0x1e, 0xfd, 0x00, 0x8f, 0xf9, 0x00, 0x00, 0x00, 0x08,
    0xff, 0x60, 0x02, 0xff, 0xf6, 0x00, 0x00, 0x06, 0xff, 0xd0, 0x00, 0x07,
    0xff, 0xfb, 0x65, 0x7b, 0xff, 0xf3, 0x00, 0x00, 0x08, 0xff, 0xff, 0xff,
    0xff, 0xe5, 0x00, 0x00, 0x00, 0x04, 0xbf, 0xff, 0xfe, 0xa2, 0x00, 0x00,
    0x00, 0x00, 0x00, 0x13, 0x43, 0x10, 0x00, 0x00, 0x00,

    /* U+003A ":" */
    0x00, 0x00, 0x00, 0xae, 0xb1, 0x6f, 0xff, 0x96, 0xff, 0xfa, 0x1c, 0xfe,
    0x30, 0x02, 0x10, 0x00, 0x00, 0x00, 0x00, 0x00, 0x00, 0x00, 0x00, 0x00,
    0x00, 0x00, 0x00, 0x00, 0x00, 0x00, 0x00, 0x00, 0x00, 0x00, 0x00, 0x0a,
    0xeb, 0x16, 0xff, 0xf9, 0x6f, 0xff, 0xa1, 0xcf, 0xe3, 0x00, 0x21, 0x00,

    /* U+003B ";" */
    0x00, 0x00, 0x00, 0x04, 0xde, 0x50, 0x0e, 0xff, 0xf1, 0x0f, 0xff, 0xf1,
    0x07, 0xff, 0x80, 0x00, 0x12, 0x00, 0x00, 0x00, 0x00, 0x00, 0x00, 0x00,
    0x00, 0x00, 0x00, 0x00, 0x00, 0x00, 0x00, 0x00, 0x00, 0x00, 0x00, 0x00,
    0x00, 0x00, 0x00, 0x00, 0x00, 0x00, 0x03, 0x44, 0x20, 0x0b, 0xff, 0x60,
    0x0e, 0xff, 0x20, 0x1f, 0xfc, 0x00, 0x3f, 0xf8, 0x00, 0x6f, 0xf4, 0x00,
    0x8f, 0xf1, 0x00, 0xaf, 0xb0, 0x00, 0xdf, 0x70, 0x00, 0x89, 0x20, 0x00,

    /* U+003C "<" */
    0x00, 0x00, 0x00, 0x00, 0x00, 0x00, 0x00, 0x13, 0x00, 0x00, 0x00, 0x00,
    0x00, 0x00, 0x18, 0xe7, 0x00, 0x00, 0x00, 0x00, 0x00, 0x18, 0xef, 0xf7,
    0x00, 0x00, 0x00, 0x00, 0x18, 0xef, 0xff, 0xe5, 0x00, 0x00, 0x00, 0x18,
    0xef, 0xff, 0xe7, 0x10, 0x00, 0x00, 0x18, 0xef, 0xff, 0xd6, 0x00, 0x00,
    0x00, 0x17, 0xef, 0xff, 0xd6, 0x00, 0x00, 0x00, 0x17, 0xef, 0xff, 0xc5,
    0x00, 0x00, 0x00, 0x00, 0x4f, 0xff, 0xc4, 0x00, 0x00, 0x00, 0x00, 0x00,
    0x4f, 0xff, 0xe7, 0x10, 0x00, 0x00, 0x00, 0x00, 0x04, 0xcf, 0xff, 0xe8,
    0x10, 0x00, 0x00, 0x00, 0x00, 0x04, 0xcf, 0xff, 0xe8, 0x20, 0x00, 0x00,
    0x00, 0x00, 0x04, 0xcf, 0xff, 0xf9, 0x20, 0x00, 0x00, 0x00, 0x00, 0x04,
    0xcf, 0xff, 0xfa, 0x30, 0x00, 0x00, 0x00, 0x00, 0x05, 0xcf, 0xff, 0xf6,
    0x00, 0x00, 0x00, 0x00, 0x00, 0x05, 0xcf, 0xf7, 0x00, 0x00, 0x00, 0x00,
    0x00, 0x00, 0x05, 0xc7, 0x00, 0x00, 0x00, 0x00, 0x00, 0x00, 0x00, 0x01,

    /* U+003D "=" */
    0x6c, 0xcc, 0xcc, 0xcc, 0xcc, 0xcc, 0xcc, 0x87, 0xff, 0xff, 0xff, 0xff,
    0xff, 0xff, 0xfa, 0x6c, 0xcc, 0xcc, 0xcc, 0xcc, 0xcc, 0xcc, 0x80, 0x00,
    0x00, 0x00, 0x00, 0x00, 0x00, 0x00, 0x00, 0x00, 0x00, 0x00, 0x00, 0x00,
    0x00, 0x00, 0x00, 0x00, 0x00, 0x00, 0x00, 0x00, 0x00, 0x00, 0x00, 0x00,
    0x00, 0x00, 0x00, 0x00, 0x07, 0xff, 0xff, 0xff, 0xff, 0xff, 0xff, 0xfa,
    0x7f, 0xff, 0xff, 0xff, 0xff, 0xff, 0xff, 0xa4, 0x99, 0x99, 0x99, 0x99,
    0x99, 0x99, 0x96,

    /* U+003E ">" */
    0x22, 0x00, 0x00, 0x00, 0x00, 0x00, 0x00, 0x00, 0x4f, 0x92, 0x00, 0x00,
    0x00, 0x00, 0x00, 0x00, 0x4f, 0xff, 0x92, 0x00, 0x00, 0x00, 0x00, 0x00,
    0x3d, 0xff, 0xff, 0x92, 0x00, 0x00, 0x00, 0x00, 0x00, 0x6d, 0xff, 0xff,
    0x92, 0x00, 0x00, 0x00, 0x00, 0x00, 0x5c, 0xff, 0xff, 0x92, 0x00, 0x00,
    0x00, 0x00, 0x00, 0x4b, 0xff, 0xff, 0x92, 0x00, 0x00, 0x00, 0x00, 0x00,
    0x3b, 0xff, 0xff, 0x91, 0x00, 0x00, 0x00, 0x00, 0x00, 0x3a, 0xff, 0xf7,
    0x00, 0x00, 0x00, 0x00, 0x00, 0x5d, 0xff, 0xf7, 0x00, 0x00, 0x00, 0x00,
    0x6d, 0xff, 0xfd, 0x50, 0x00, 0x00, 0x01, 0x7e, 0xff, 0xfd, 0x50, 0x00,
    0x00, 0x01, 0x8e, 0xff, 0xfd, 0x60, 0x00, 0x00, 0x02, 0x9e, 0xff, 0xfd,
    0x60, 0x00, 0x00, 0x00, 0x3f, 0xff, 0xfd, 0x60, 0x00, 0x00, 0x00, 0x00,
    0x4f, 0xfd, 0x60, 0x00, 0x00, 0x00, 0x00, 0x00, 0x4d, 0x60, 0x00, 0x00,
    0x00, 0x00, 0x00, 0x00, 0x10, 0x00, 0x00, 0x00, 0x00, 0x00, 0x00, 0x00,

    /* U+003F "?" */
    0x00, 0x00, 0x26, 0x88, 0x73, 0x00, 0x00, 0x00, 0x2a, 0xff, 0xff, 0xff,
    0xc3, 0x00, 0x02, 0xef, 0xff, 0xee, 0xff, 0xff, 0x40, 0x0c, 0xff, 0xc4,
    0x00, 0x2a, 0xff, 0xe1, 0x5f, 0xfd, 0x10, 0x00, 0x00, 0xbf, 0xf6, 0x8f,
    0xf7, 0x00, 0x00, 0x00, 0x4f, 0xfa, 0x69, 0x93, 0x00, 0x00, 0x00, 0x2f,
    0xfb, 0x00, 0x00, 0x00, 0x00, 0x00, 0x4f, 0xfa, 0x00, 0x00, 0x00, 0x00,
    0x00, 0xaf, 0xf7, 0x00, 0x00, 0x00, 0x00, 0x08, 0xff, 0xe1, 0x00, 0x00,
    0x00, 0x01, 0xaf, 0xff, 0x50, 0x00, 0x00, 0x00, 0x4e, 0xff, 0xe5, 0x00,
    0x00, 0x00, 0x02, 0xef, 0xfc, 0x20, 0x00, 0x00, 0x00, 0x09, 0xff, 0xb0,
    0x00, 0x00, 0x00, 0x00, 0x0c, 0xff, 0x20, 0x00, 0x00, 0x00, 0x00, 0x0e,
    0xfe, 0x00, 0x00, 0x00, 0x00, 0x00, 0x0f, 0xfc, 0x00, 0x00, 0x00, 0x00,
    0x00, 0x00, 0x00, 0x00, 0x00, 0x00, 0x00, 0x00, 0x00, 0x00, 0x00, 0x00,
    0x00, 0x00, 0x00, 0x00, 0x00, 0x00, 0x00, 0x00, 0x00, 0x00, 0x1b, 0xea,
    0x00, 0x00, 0x00, 0x00, 0x00, 0x8f, 0xff, 0x60, 0x00, 0x00, 0x00, 0x00,
    0x9f, 0xff, 0x70, 0x00, 0x00, 0x00, 0x00, 0x2e, 0xfd, 0x10, 0x00, 0x00,
    0x00, 0x00, 0x00, 0x20, 0x00, 0x00, 0x00,

    /* U+0040 "@" */
    0x00, 0x00, 0x00, 0x00, 0x00, 0x02, 0x45, 0x67, 0x64, 0x10, 0x00, 0x00,
    0x00, 0x00, 0x00, 0x00, 0x00, 0x00, 0x39, 0xdf, 0xff, 0xff, 0xff, 0xfc,
    0x71, 0x00, 0x00, 0x00, 0x00, 0x00, 0x00, 0x3b, 0xff, 0xff, 0xfd, 0xcd,
    0xef, 0xff, 0xfe, 0x60, 0x00, 0x00, 0x00, 0x00, 0x05, 0xff, 0xfd, 0x83,
    0x00, 0x00, 0x01, 0x5a, 0xff, 0xfa, 0x00, 0x00, 0x00, 0x00, 0x7f, 0xfe,
    0x60, 0x00, 0x00, 0x00, 0x00, 0x00, 0x2b, 0xff, 0xb0, 0x00, 0x00, 0x04,
    0xff, 0xd3, 0x00, 0x00, 0x00, 0x00, 0x00, 0x00, 0x00, 0x9f, 0xf8, 0x00,
    0x00, 0x1e, 0xfe, 0x30, 0x00, 0x00, 0x00, 0x00, 0x00, 0x00, 0x00, 0x0a,
    0xff, 0x40, 0x00, 0x8f, 0xf6, 0x00, 0x00, 0x01, 0x79, 0xa8, 0x20, 0x45,
    0x30, 0x01, 0xef, 0xb0, 0x01, 0xef, 0xd0, 0x00, 0x00, 0x7f, 0xff, 0xff,
    0xf7, 0xcf, 0xa0, 0x00, 0x7f, 0xf3, 0x05, 0xff, 0x60, 0x00, 0x09, 0xff,
    0xeb, 0xbd, 0xff, 0xff, 0xa0, 0x00, 0x1f, 0xf7, 0x09, 0xff, 0x20, 0x00,
    0x4f, 0xfb, 0x10, 0x00, 0x3d, 0xff, 0xa0, 0x00, 0x0c, 0xfb, 0x0c, 0xfd,
    0x00, 0x00, 0xbf, 0xd0, 0x00, 0x00, 0x04, 0xff, 0xa0, 0x00, 0x09, 0xfd,
    0x0e, 0xfa, 0x00, 0x02, 0xff, 0x60, 0x00, 0x00, 0x00, 0xef, 0xa0, 0x00,
    0x08, 0xfe, 0x0f, 0xf9, 0x00, 0x04, 0xff, 0x20, 0x00, 0x00, 0x00, 0xcf,
    0xa0, 0x00, 0x08, 0xff, 0x1f, 0xf8, 0x00, 0x05, 0xff, 0x10, 0x00, 0x00,
    0x00, 0xbf, 0xa0, 0x00, 0x08, 0xfe, 0x1f, 0xf8, 0x00, 0x05, 0xff, 0x20,
    0x00, 0x00, 0x00, 0xcf, 0xa0, 0x00, 0x09, 0xfd, 0x0f, 0xf9, 0x00, 0x03,
    0xff, 0x40, 0x00, 0x00, 0x00, 0xef, 0xa0, 0x00, 0x0a, 0xfc, 0x0e, 0xfb,
    0x00, 0x00, 0xef, 0x90, 0x00, 0x00, 0x03, 0xff, 0xa0, 0x00, 0x0c, 0xfa,
    0x0b, 0xfe, 0x00, 0x00, 0xaf, 0xe2, 0x00, 0x00, 0x0a, 0xff, 0xb0, 0x00,
    0x1f, 0xf6, 0x08, 0xff, 0x20, 0x00, 0x3f, 0xfd, 0x51, 0x03, 0xaf, 0xff,
    0xf3, 0x00, 0x9f, 0xf1, 0x04, 0xff, 0x80, 0x00, 0x07, 0xff, 0xff, 0xff,
    0xfc, 0x7f, 0xfe, 0xbd, 0xff, 0x80, 0x00, 0xdf, 0xe1, 0x00, 0x00, 0x6e,
    0xff, 0xff, 0xb1, 0x0a, 0xff, 0xff, 0xf9, 0x00, 0x00, 0x6f, 0xf9, 0x00,
    0x00, 0x00, 0x46, 0x53, 0x00, 0x00, 0x26, 0x76, 0x30, 0x00, 0x00, 0x0d,
    0xff, 0x50, 0x00, 0x00, 0x00, 0x00, 0x00, 0x00, 0x00, 0x00, 0x00, 0x00,
    0x00, 0x03, 0xef, 0xf7, 0x00, 0x00, 0x00, 0x00, 0x00, 0x00, 0x00, 0x00,
    0x00, 0x00, 0x00, 0x00, 0x5e, 0xff, 0xb4, 0x00, 0x00, 0x00, 0x00, 0x00,
    0x12, 0x00, 0x00, 0x00, 0x00, 0x00, 0x03, 0xdf, 0xff, 0xd9, 0x53, 0x22,
    0x34, 0x7b, 0xea, 0x00, 0x00, 0x00, 0x00, 0x00, 0x00, 0x17, 0xdf, 0xff,
    0xff, 0xff, 0xff, 0xff, 0xfe, 0x00, 0x00, 0x00, 0x00, 0x00, 0x00, 0x00,
    0x05, 0x8c, 0xff, 0xff, 0xff, 0xd9, 0x62, 0x00, 0x00, 0x00, 0x00, 0x00,
    0x00, 0x00, 0x00, 0x00, 0x01, 0x22, 0x10, 0x00, 0x00, 0x00, 0x00, 0x00,

    /* U+0041 "A" */
    0x00, 0x00, 0x00, 0x00, 0x03, 0x44, 0x30, 0x00, 0x00, 0x00, 0x00, 0x00,
    0x00, 0x00, 0x00, 0x1e, 0xff, 0xe1, 0x00, 0x00, 0x00, 0x00, 0x00, 0x00,
    0x00, 0x00, 0x6f, 0xff, 0xf5, 0x00, 0x00, 0x00, 0x00, 0x00, 0x00, 0x00,
    0x00, 0xbf, 0xde, 0xfb, 0x00, 0x00, 0x00, 0x00, 0x00, 0x00, 0x00, 0x02,
    0xff, 0x89, 0xff, 0x20, 0x00, 0x00, 0x00, 0x00, 0x00, 0x00, 0x07, 0xff,
    0x45, 0xff, 0x70, 0x00, 0x00, 0x00, 0x00, 0x00, 0x00, 0x0d, 0xfe, 0x01,
    0xff, 0xc0, 0x00, 0x00, 0x00, 0x00, 0x00, 0x00, 0x3f, 0xfa, 0x00, 0xbf,
    0xf3, 0x00, 0x00, 0x00, 0x00, 0x00, 0x00, 0x8f, 0xf5, 0x00, 0x6f, 0xf8,
    0x00, 0x00, 0x00, 0x00, 0x00, 0x00, 0xef, 0xe1, 0x00, 0x1f, 0xfe, 0x00,
    0x00, 0x00, 0x00, 0x00, 0x04, 0xff, 0xa0, 0x00, 0x0a, 0xff, 0x40, 0x00,
    0x00, 0x00, 0x00, 0x0a, 0xff, 0x50, 0x00, 0x05, 0xff, 0xa0, 0x00, 0x00,
    0x00, 0x00, 0x1e, 0xfe, 0x00, 0x00, 0x00, 0xef, 0xf1, 0x00, 0x00, 0x00,
    0x00, 0x6f, 0xf9, 0x00, 0x00, 0x00, 0x9f, 0xf6, 0x00, 0x00, 0x00, 0x00,
    0xbf, 0xf5, 0x11, 0x11, 0x11, 0x5f, 0xfc, 0x00, 0x00, 0x00, 0x02, 0xff,
    0xff, 0xff, 0xff, 0xff, 0xff, 0xff, 0x20, 0x00, 0x00, 0x07, 0xff, 0xff,
    0xff, 0xff, 0xff, 0xff, 0xff, 0x80, 0x00, 0x00, 0x0c, 0xff, 0xb8, 0x88,
    0x88, 0x88, 0x8a, 0xff, 0xd0, 0x00, 0x00, 0x3f, 0xfd, 0x00, 0x00, 0x00,
    0x00, 0x00, 0xcf, 0xf4, 0x00, 0x00, 0x8f, 0xf8, 0x00, 0x00, 0x00, 0x00,
    0x00, 0x7f, 0xf9, 0x00, 0x00, 0xef, 0xf3, 0x00, 0x00, 0x00, 0x00, 0x00,
    0x2f, 0xfe, 0x00, 0x04, 0xff, 0xd0, 0x00, 0x00, 0x00, 0x00, 0x00, 0x0b,
    0xff, 0x50, 0x0a, 0xff, 0x70, 0x00, 0x00, 0x00, 0x00, 0x00, 0x06, 0xff,
    0xb0, 0x1e, 0xff, 0x20, 0x00, 0x00, 0x00, 0x00, 0x00, 0x01, 0xff, 0xf1,

    /* U+0042 "B" */
    0x14, 0x44, 0x44, 0x44, 0x44, 0x20, 0x00, 0x00, 0x00, 0x3f, 0xff, 0xff,
    0xff, 0xff, 0xfe, 0xa3, 0x00, 0x00, 0x3f, 0xff, 0xff, 0xff, 0xff, 0xff,
    0xff, 0x60, 0x00, 0x3f, 0xfd, 0x55, 0x55, 0x56, 0x8d, 0xff, 0xf3, 0x00,
    0x3f, 0xfc, 0x00, 0x00, 0x00, 0x00, 0x9f, 0xfb, 0x00, 0x3f, 0xfc, 0x00,
    0x00, 0x00, 0x00, 0x0e, 0xff, 0x10, 0x3f, 0xfc, 0x00, 0x00, 0x00, 0x00,
    0x0a, 0xff, 0x30, 0x3f, 0xfc, 0x00, 0x00, 0x00, 0x00, 0x0b, 0xff, 0x20,
    0x3f, 0xfc, 0x00, 0x00, 0x00, 0x00, 0x1e, 0xfe, 0x10, 0x3f, 0xfc, 0x00,
    0x00, 0x00, 0x00, 0x9f, 0xf9, 0x00, 0x3f, 0xfc, 0x11, 0x11, 0x12, 0x5b,
    0xff, 0xb1, 0x00, 0x3f, 0xff, 0xff, 0xff, 0xff, 0xff, 0xc5, 0x00, 0x00,
    0x3f, 0xff, 0xff, 0xff, 0xff, 0xff, 0xeb, 0x40, 0x00, 0x3f, 0xfd, 0x77,
    0x77, 0x77, 0x8d, 0xff, 0xf7, 0x00, 0x3f, 0xfc, 0x00, 0x00, 0x00, 0x00,
    0x6f, 0xff, 0x40, 0x3f, 0xfc, 0x00, 0x00, 0x00, 0x00, 0x07, 0xff, 0xb0,
    0x3f, 0xfc, 0x00, 0x00, 0x00, 0x00, 0x00, 0xef, 0xf0, 0x3f, 0xfc, 0x00,
    0x00, 0x00, 0x00, 0x00, 0xcf, 0xf1, 0x3f, 0xfc, 0x00, 0x00, 0x00, 0x00,
    0x00, 0xdf, 0xf1, 0x3f, 0xfc, 0x00, 0x00, 0x00, 0x00, 0x04, 0xff, 0xd0,
    0x3f, 0xfc, 0x00, 0x00, 0x00, 0x00, 0x4e, 0xff, 0x70, 0x3f, 0xfe, 0x99,
    0x99, 0x9a, 0xbd, 0xff, 0xfc, 0x10, 0x3f, 0xff, 0xff, 0xff, 0xff, 0xff,
    0xff, 0xb2, 0x00, 0x3f, 0xff, 0xff, 0xff, 0xff, 0xed, 0x94, 0x00, 0x00,

    /* U+0043 "C" */
    0x00, 0x00, 0x00, 0x00, 0x37, 0x89, 0x75, 0x10, 0x00, 0x00, 0x00, 0x00,
    0x00, 0x07, 0xdf, 0xff, 0xff, 0xff, 0xa3, 0x00, 0x00, 0x00, 0x00, 0x2c,
    0xff, 0xff, 0xff, 0xff, 0xff, 0xf7, 0x00, 0x00, 0x00, 0x2d, 0xff, 0xfa,
    0x63, 0x34, 0x8d, 0xff, 0xf7, 0x00, 0x00, 0x0c, 0xff, 0xe3, 0x00, 0x00,
    0x00, 0x19, 0xff, 0xf3, 0x00, 0x07, 0xff, 0xe2, 0x00, 0x00, 0x00, 0x00,
    0x08, 0xff, 0xc0, 0x01, 0xef, 0xf5, 0x00, 0x00, 0x00, 0x00, 0x00, 0x0d,
    0xff, 0x30, 0x5f, 0xfb, 0x00, 0x00, 0x00, 0x00, 0x00, 0x00, 0x8f, 0xf7,
    0x0a, 0xff, 0x60, 0x00, 0x00, 0x00, 0x00, 0x00, 0x00, 0x11, 0x00, 0xdf,
    0xf1, 0x00, 0x00, 0x00, 0x00, 0x00, 0x00, 0x00, 0x00, 0x0f, 0xfe, 0x00,
    0x00, 0x00, 0x00, 0x00, 0x00, 0x00, 0x00, 0x01, 0xff, 0xd0, 0x00, 0x00,
    0x00, 0x00, 0x00, 0x00, 0x00, 0x00, 0x1f, 0xfc, 0x00, 0x00, 0x00, 0x00,
    0x00, 0x00, 0x00, 0x00, 0x01, 0xff, 0xd0, 0x00, 0x00, 0x00, 0x00, 0x00,
    0x00, 0x00, 0x00, 0x0e, 0xff, 0x00, 0x00, 0x00, 0x00, 0x00, 0x00, 0x00,
    0x00, 0x00, 0xcf, 0xf2, 0x00, 0x00, 0x00, 0x00, 0x00, 0x00, 0x00, 0x00,
    0x09, 0xff, 0x70, 0x00, 0x00, 0x00, 0x00, 0x00, 0x02, 0x55, 0x30, 0x4f,
    0xfd, 0x00, 0x00, 0x00, 0x00, 0x00, 0x00, 0x9f, 0xf6, 0x00, 0xdf, 0xf7,
    0x00, 0x00, 0x00, 0x00, 0x00, 0x2e, 0xff, 0x20, 0x05, 0xff, 0xf5, 0x00,
    0x00, 0x00, 0x00, 0x1b, 0xff, 0xa0, 0x00, 0x0a, 0xff, 0xf8, 0x10, 0x00,
    0x00, 0x3c, 0xff, 0xe2, 0x00, 0x00, 0x1b, 0xff, 0xfe, 0xa7, 0x78, 0xcf,
    0xff, 0xe4, 0x00, 0x00, 0x00, 0x09, 0xff, 0xff, 0xff, 0xff, 0xff, 0xd3,
    0x00, 0x00, 0x00, 0x00, 0x03, 0xae, 0xff, 0xff, 0xfc, 0x60, 0x00, 0x00,
    0x00, 0x00, 0x00, 0x00, 0x02, 0x44, 0x31, 0x00, 0x00, 0x00, 0x00,

    /* U+0044 "D" */
    0x14, 0x78, 0x44, 0x44, 0x43, 0x20, 0x00, 0x00, 0x00, 0x00, 0x3f, 0xff,
    0xff, 0xff, 0xff, 0xfe, 0x93, 0x00, 0x00, 0x00, 0x3f, 0xff, 0xff, 0xff,
    0xff, 0xff, 0xff, 0xa1, 0x00, 0x00, 0x3f, 0xff, 0x55, 0x55, 0x57, 0x9d,
    0xff, 0xfd, 0x20, 0x00, 0x3f, 0xfc, 0x00, 0x00, 0x00, 0x00, 0x5e, 0xff,
    0xc1, 0x00, 0x3f, 0xfc, 0x00, 0x00, 0x00, 0x00, 0x02, 0xdf, 0xf8, 0x00,
    0x3f, 0xfc, 0x00, 0x00, 0x00, 0x00, 0x00, 0x4f, 0xff, 0x10, 0x3f, 0xfc,
    0x00, 0x00, 0x00, 0x00, 0x00, 0x0a, 0xff, 0x70, 0x3f, 0xfc, 0x00, 0x00,
    0x00, 0x00, 0x00, 0x05, 0xff, 0xb0, 0x3f, 0xfc, 0x00, 0x00, 0x00, 0x00,
    0x00, 0x00, 0xef, 0xe0, 0x3f, 0xfc, 0x00, 0x00, 0x00, 0x00, 0x00, 0x00,
    0xdf, 0xf1, 0x3f, 0xfc, 0x00, 0x00, 0x00, 0x00, 0x00, 0x00, 0xbf, 0xf2,
    0x3f, 0xfc, 0x00, 0x00, 0x00, 0x00, 0x00, 0x00, 0xbf, 0xf3, 0x3f, 0xfc,
    0x00, 0x00, 0x00, 0x00, 0x00, 0x00, 0xcf, 0xf2, 0x3f, 0xfc, 0x00, 0x00,
    0x00, 0x00, 0x00, 0x00, 0xdf, 0xf1, 0x3f, 0xfc, 0x00, 0x00, 0x00, 0x00,
    0x00, 0x01, 0xff, 0xd0, 0x3f, 0xfc, 0x00, 0x00, 0x00, 0x00, 0x00, 0x06,
    0xff, 0xa0, 0x3f, 0xfc, 0x00, 0x00, 0x00, 0x00, 0x00, 0x0c, 0xff, 0x50,
    0x3f, 0xfc, 0x00, 0x00, 0x00, 0x00, 0x00, 0x7f, 0xfd, 0x00, 0x3f, 0xfc,
    0x00, 0x00, 0x00, 0x00, 0x07, 0xff, 0xf5, 0x00, 0x3f, 0xfc, 0x00, 0x00,
    0x00, 0x03, 0xaf, 0xff, 0x90, 0x00, 0x3f, 0xff, 0x99, 0x99, 0xab, 0xef,
    0xff, 0xf9, 0x00, 0x00, 0x3f, 0xff, 0xff, 0xff, 0xff, 0xff, 0xfd, 0x50,
    0x00, 0x00, 0x3f, 0xff, 0xff, 0xff, 0xfe, 0xc9, 0x40, 0x00, 0x00, 0x00,

    /* U+0045 "E" */
    0x14, 0x44, 0x44, 0x44, 0x44, 0x44, 0x44, 0x40, 0x3f, 0xff, 0xff, 0xff,
    0xff, 0xff, 0xff, 0xf0, 0x3f, 0xff, 0xff, 0xff, 0xff, 0xff, 0xff, 0xf0,
    0x3f, 0xfd, 0x55, 0x55, 0x55, 0x55, 0x55, 0x50, 0x3f, 0xfc, 0x00, 0x00,
    0x00, 0x00, 0x00, 0x00, 0x3f, 0xfc, 0x00, 0x00, 0x00, 0x00, 0x00, 0x00,
    0x3f, 0xfc, 0x00, 0x00, 0x00, 0x00, 0x00, 0x00, 0x3f, 0xfc, 0x00, 0x00,
    0x00, 0x00, 0x00, 0x00, 0x3f, 0xfc, 0x00, 0x00, 0x00, 0x00, 0x00, 0x00,
    0x3f, 0xfc, 0x00, 0x00, 0x00, 0x00, 0x00, 0x00, 0x3f, 0xfc, 0x11, 0x11,
    0x11, 0x11, 0x11, 0x00, 0x3f, 0xff, 0xff, 0xff, 0xff, 0xff, 0xff, 0x40,
    0x3f, 0xff, 0xff, 0xff, 0xff, 0xff, 0xff, 0x40, 0x3f, 0xfe, 0x88, 0x88,
    0x88, 0x88, 0x88, 0x20, 0x3f, 0xfc, 0x00, 0x00, 0x00, 0x00, 0x00, 0x00,
    0x3f, 0xfc, 0x00, 0x00, 0x00, 0x00, 0x00, 0x00, 0x3f, 0xfc, 0x00, 0x00,
    0x00, 0x00, 0x00, 0x00, 0x3f, 0xfc, 0x00, 0x00, 0x00, 0x00, 0x00, 0x00,
    0x3f, 0xfc, 0x00, 0x00, 0x00, 0x00, 0x00, 0x00, 0x3f, 0xfc, 0x00, 0x00,
    0x00, 0x00, 0x00, 0x00, 0x3f, 0xfc, 0x00, 0x00, 0x00, 0x00, 0x00, 0x00,
    0x3f, 0xfe, 0x99, 0x99, 0x99, 0x99, 0x99, 0x91, 0x3f, 0xff, 0xff, 0xff,
    0xff, 0xff, 0xff, 0xf2, 0x3f, 0xff, 0xff, 0xff, 0xff, 0xff, 0xff, 0xf2,

    /* U+0046 "F" */
    0x14, 0x44, 0x44, 0x44, 0x44, 0x44, 0x44, 0x43, 0xff, 0xff, 0xff, 0xff,
    0xff, 0xff, 0xfd, 0x3f, 0xff, 0xff, 0xff, 0xff, 0xff, 0xff, 0xd3, 0xff,
    0xd5, 0x55, 0x55, 0x55, 0x55, 0x55, 0x3f, 0xfc, 0x00, 0x00, 0x00, 0x00,
    0x00, 0x03, 0xff, 0xc0, 0x00, 0x00, 0x00, 0x00, 0x00, 0x3f, 0xfc, 0x00,
    0x00, 0x00, 0x00, 0x00, 0x03, 0xff, 0xc0, 0x00, 0x00, 0x00, 0x00, 0x00,
    0x3f, 0xfc, 0x00, 0x00, 0x00, 0x00, 0x00, 0x03, 0xff, 0xc0, 0x00, 0x00,
    0x00, 0x00, 0x00, 0x3f, 0xfc, 0x00, 0x00, 0x00, 0x00, 0x00, 0x03, 0xff,
    0xea, 0xaa, 0xaa, 0xaa, 0xaa, 0x90, 0x3f, 0xff, 0xff, 0xff, 0xff, 0xff,
    0xfc, 0x03, 0xff, 0xfe, 0xee, 0xee, 0xee, 0xee, 0xc0, 0x3f, 0xfc, 0x00,
    0x00, 0x00, 0x00, 0x00, 0x03, 0xff, 0xc0, 0x00, 0x00, 0x00, 0x00, 0x00,
    0x3f, 0xfc, 0x00, 0x00, 0x00, 0x00, 0x00, 0x03, 0xff, 0xc0, 0x00, 0x00,
    0x00, 0x00, 0x00, 0x3f, 0xfc, 0x00, 0x00, 0x00, 0x00, 0x00, 0x03, 0xff,
    0xc0, 0x00, 0x00, 0x00, 0x00, 0x00, 0x3f, 0xfc, 0x00, 0x00, 0x00, 0x00,
    0x00, 0x03, 0xff, 0xc0, 0x00, 0x00, 0x00, 0x00, 0x00, 0x3f, 0xfc, 0x00,
    0x00, 0x00, 0x00, 0x00, 0x03, 0xff, 0xc0, 0x00, 0x00, 0x00, 0x00, 0x00,

    /* U+0047 "G" */
    0x00, 0x00, 0x00, 0x00, 0x47, 0x88, 0x75, 0x10, 0x00, 0x00, 0x00, 0x00,
    0x00, 0x17, 0xef, 0xff, 0xff, 0xff, 0xa2, 0x00, 0x00, 0x00, 0x00, 0x2d,
    0xff, 0xff, 0xff, 0xff, 0xff, 0xf6, 0x00, 0x00, 0x00, 0x2e, 0xff, 0xfa,
    0x53, 0x34, 0x8e, 0xff, 0xf7, 0x00, 0x00, 0x1d, 0xff, 0xd3, 0x00, 0x00,
    0x00, 0x1b, 0xff, 0xf4, 0x00, 0x07, 0xff, 0xd2, 0x00, 0x00, 0x00, 0x00,
    0x0b, 0xff, 0xc0, 0x01, 0xef, 0xf4, 0x00, 0x00, 0x00, 0x00, 0x00, 0x2f,
    0xff, 0x40, 0x6f, 0xfb, 0x00, 0x00, 0x00, 0x00, 0x00, 0x00, 0x9f, 0xf8,
    0x0a, 0xff, 0x60, 0x00, 0x00, 0x00, 0x00, 0x00, 0x00, 0x00, 0x00, 0xdf,
    0xf1, 0x00, 0x00, 0x00, 0x00, 0x00, 0x00, 0x00, 0x00, 0x0f, 0xfe, 0x00,
    0x00, 0x00, 0x00, 0x00, 0x00, 0x00, 0x00, 0x01, 0xff, 0xd0, 0x00, 0x00,
    0x00, 0x00, 0x00, 0x00, 0x00, 0x00, 0x1f, 0xfc, 0x00, 0x00, 0x00, 0x01,
    0xbb, 0xbb, 0xbb, 0xbb, 0x91, 0xff, 0xd0, 0x00, 0x00, 0x00, 0x1f, 0xff,
    0xff, 0xff, 0xfd, 0x0e, 0xff, 0x00, 0x00, 0x00, 0x01, 0xdd, 0xdd, 0xde,
    0xff, 0xd0, 0xcf, 0xf3, 0x00, 0x00, 0x00, 0x00, 0x00, 0x00, 0x2f, 0xfd,
    0x09, 0xff, 0x70, 0x00, 0x00, 0x00, 0x00, 0x00, 0x04, 0xff, 0xb0, 0x4f,
    0xfd, 0x00, 0x00, 0x00, 0x00, 0x00, 0x00, 0x8f, 0xf8, 0x00, 0xdf, 0xf8,
    0x00, 0x00, 0x00, 0x00, 0x00, 0x1e, 0xff, 0x40, 0x05, 0xff, 0xf5, 0x00,
    0x00, 0x00, 0x00, 0x0b, 0xff, 0xc0, 0x00, 0x0a, 0xff, 0xf8, 0x10, 0x00,
    0x00, 0x2c, 0xff, 0xe3, 0x00, 0x00, 0x1b, 0xff, 0xfe, 0xa7, 0x79, 0xcf,
    0xff, 0xf5, 0x00, 0x00, 0x00, 0x19, 0xff, 0xff, 0xff, 0xff, 0xff, 0xd4,
    0x00, 0x00, 0x00, 0x00, 0x03, 0xae, 0xff, 0xff, 0xfd, 0x71, 0x00, 0x00,
    0x00, 0x00, 0x00, 0x00, 0x02, 0x44, 0x41, 0x00, 0x00, 0x00, 0x00,

    /* U+0048 "H" */
    0x14, 0x43, 0x00, 0x00, 0x00, 0x00, 0x00, 0x00, 0x44, 0x43, 0xff, 0xc0,
    0x00, 0x00, 0x00, 0x00, 0x00, 0x0f, 0xff, 0x3f, 0xfc, 0x00, 0x00, 0x00,
    0x00, 0x00, 0x00, 0xff, 0xf3, 0xff, 0xc0, 0x00, 0x00, 0x00, 0x00, 0x00,
    0x0f, 0xff, 0x3f, 0xfc, 0x00, 0x00, 0x00, 0x00, 0x00, 0x00, 0xff, 0xf3,
    0xff, 0xc0, 0x00, 0x00, 0x00, 0x00, 0x00, 0x0f, 0xff, 0x3f, 0xfc, 0x00,
    0x00, 0x00, 0x00, 0x00, 0x00, 0xff, 0xf3, 0xff, 0xc0, 0x00, 0x00, 0x00,
    0x00, 0x00, 0x0f, 0xff, 0x3f, 0xfc, 0x00, 0x00, 0x00, 0x00, 0x00, 0x00,
    0xff, 0xf3, 0xff, 0xc0, 0x00, 0x00, 0x00, 0x00, 0x00, 0x0f, 0xff, 0x3f,
    0xfc, 0x33, 0x33, 0x33, 0x33, 0x33, 0x33, 0xff, 0xf3, 0xff, 0xff, 0xff,
    0xff, 0xff, 0xff, 0xff, 0xff, 0xff, 0x3f, 0xff, 0xff, 0xff, 0xff, 0xff,
    0xff, 0xff, 0xff, 0xf3, 0xff, 0xd6, 0x66, 0x66, 0x66, 0x66, 0x66, 0x6f,
    0xff, 0x3f, 0xfc, 0x00, 0x00, 0x00, 0x00, 0x00, 0x00, 0xff, 0xf3, 0xff,
    0xc0, 0x00, 0x00, 0x00, 0x00, 0x00, 0x0f, 0xff, 0x3f, 0xfc, 0x00, 0x00,
    0x00, 0x00, 0x00, 0x00, 0xff, 0xf3, 0xff, 0xc0, 0x00, 0x00, 0x00, 0x00,
    0x00, 0x0f, 0xff, 0x3f, 0xfc, 0x00, 0x00, 0x00, 0x00, 0x00, 0x00, 0xff,
    0xf3, 0xff, 0xc0, 0x00, 0x00, 0x00, 0x00, 0x00, 0x0f, 0xff, 0x3f, 0xfc,
    0x00, 0x00, 0x00, 0x00, 0x00, 0x00, 0xff, 0xf3, 0xff, 0xc0, 0x00, 0x00,
    0x00, 0x00, 0x00, 0x0f, 0xff, 0x3f, 0xfc, 0x00, 0x00, 0x00, 0x00, 0x00,
    0x00, 0xff, 0xf3, 0xff, 0xc0, 0x00, 0x00, 0x00, 0x00, 0x00, 0x0f, 0xff,

    /* U+0049 "I" */
    0x14, 0x43, 0x3f, 0xfc, 0x3f, 0xfc, 0x3f, 0xfc, 0x3f, 0xfc, 0x3f, 0xfc,
    0x3f, 0xfc, 0x3f, 0xfc, 0x3f, 0xfc, 0x3f, 0xfc, 0x3f, 0xfc, 0x3f, 0xfc,
    0x3f, 0xfc, 0x3f, 0xfc, 0x3f, 0xfc, 0x3f, 0xfc, 0x3f, 0xfc, 0x3f, 0xfc,
    0x3f, 0xfc, 0x3f, 0xfc, 0x3f, 0xfc, 0x3f, 0xfc, 0x3f, 0xfc, 0x3f, 0xfc,

    /* U+004A "J" */
    0x00, 0x00, 0x00, 0x00, 0x00, 0x02, 0x44, 0x20, 0x00, 0x00, 0x00, 0x00,
    0x00, 0x8f, 0xf7, 0x00, 0x00, 0x00, 0x00, 0x00, 0x08, 0xff, 0x70, 0x00,
    0x00, 0x00, 0x00, 0x00, 0x8f, 0xf7, 0x00, 0x00, 0x00, 0x00, 0x00, 0x08,
    0xff, 0x70, 0x00, 0x00, 0x00, 0x00, 0x00, 0x8f, 0xf7, 0x00, 0x00, 0x00,
    0x00, 0x00, 0x08, 0xff, 0x70, 0x00, 0x00, 0x00, 0x00, 0x00, 0x8f, 0xf7,
    0x00, 0x00, 0x00, 0x00, 0x00, 0x08, 0xff, 0x70, 0x00, 0x00, 0x00, 0x00,
    0x00, 0x8f, 0xf7, 0x00, 0x00, 0x00, 0x00, 0x00, 0x08, 0xff, 0x70, 0x00,
    0x00, 0x00, 0x00, 0x00, 0x8f, 0xf7, 0x00, 0x00, 0x00, 0x00, 0x00, 0x08,
    0xff, 0x70, 0x00, 0x00, 0x00, 0x00, 0x00, 0x8f, 0xf7, 0x00, 0x00, 0x00,
    0x00, 0x00, 0x08, 0xff, 0x70, 0x00, 0x00, 0x00, 0x00, 0x00, 0x8f, 0xf7,
    0x6e, 0xe7, 0x00, 0x00, 0x00, 0x08, 0xff, 0x76, 0xff, 0x80, 0x00, 0x00,
    0x00, 0x8f, 0xf7, 0x5f, 0xfa, 0x00, 0x00, 0x00, 0x0a, 0xff, 0x52, 0xff,
    0xe0, 0x00, 0x00, 0x00, 0xef, 0xf3, 0x0d, 0xff, 0x90, 0x00, 0x00, 0x9f,
    0xfd, 0x00, 0x5f, 0xff, 0xc6, 0x56, 0xcf, 0xff, 0x50, 0x00, 0x7f, 0xff,
    0xff, 0xff, 0xff, 0x70, 0x00, 0x00, 0x4b, 0xff, 0xff, 0xfb, 0x40, 0x00,
    0x00, 0x00, 0x01, 0x34, 0x41, 0x00, 0x00, 0x00,

    /* U+004B "K" */
    0x14, 0x43, 0x00, 0x00, 0x00, 0x00, 0x00, 0x24, 0x44, 0x23, 0xff, 0xc0,
    0x00, 0x00, 0x00, 0x00, 0x2d, 0xff, 0xc1, 0x3f, 0xfc, 0x00, 0x00, 0x00,
    0x00, 0x1d, 0xff, 0xd1, 0x03, 0xff, 0xc0, 0x00, 0x00, 0x00, 0x1c, 0xff,
    0xd2, 0x00, 0x3f, 0xfc, 0x00, 0x00, 0x00, 0x1b, 0xff, 0xe2, 0x00, 0x03,
    0xff, 0xc0, 0x00, 0x00, 0x0b, 0xff, 0xe3, 0x00, 0x00, 0x3f, 0xfc, 0x00,
    0x00, 0x0a, 0xff, 0xe4, 0x00, 0x00, 0x03, 0xff, 0xc0, 0x00, 0x09, 0xff,
    0xf4, 0x00, 0x00, 0x00, 0x3f, 0xfc, 0x00, 0x07, 0xff, 0xf5, 0x00, 0x00,
    0x00, 0x03, 0xff, 0xc0, 0x06, 0xff, 0xf6, 0x00, 0x00, 0x00, 0x00, 0x3f,
    0xfb, 0x04, 0xff, 0xf8, 0x00, 0x00, 0x00, 0x00, 0x03, 0xff, 0xb2, 0xef,
    0xff, 0xa0, 0x00, 0x00, 0x00, 0x00, 0x3f, 0xfc, 0xdf, 0xff, 0xff, 0x60,
    0x00, 0x00, 0x00, 0x03, 0xff, 0xff, 0xf7, 0x6f, 0xfe, 0x20, 0x00, 0x00,
    0x00, 0x3f, 0xff, 0xf8, 0x00, 0xaf, 0xfc, 0x00, 0x00, 0x00, 0x03, 0xff,
    0xf9, 0x00, 0x01, 0xdf, 0xf8, 0x00, 0x00, 0x00, 0x3f, 0xff, 0x00, 0x00,
    0x04, 0xff, 0xf4, 0x00, 0x00, 0x03, 0xff, 0xc0, 0x00, 0x00, 0x08, 0xff,
    0xd1, 0x00, 0x00, 0x3f, 0xfc, 0x00, 0x00, 0x00, 0x0c, 0xff, 0xa0, 0x00,
    0x03, 0xff, 0xc0, 0x00, 0x00, 0x00, 0x2e, 0xff, 0x60, 0x00, 0x3f, 0xfc,
    0x00, 0x00, 0x00, 0x00, 0x6f, 0xfe, 0x20, 0x03, 0xff, 0xc0, 0x00, 0x00,
    0x00, 0x00, 0xaf, 0xfc, 0x00, 0x3f, 0xfc, 0x00, 0x00, 0x00, 0x00, 0x01,
    0xef, 0xf8, 0x03, 0xff, 0xc0, 0x00, 0x00, 0x00, 0x00, 0x04, 0xff, 0xf4,

    /* U+004C "L" */
    0x14, 0x43, 0x00, 0x00, 0x00, 0x00, 0x00, 0x03, 0xff, 0xc0, 0x00, 0x00,
    0x00, 0x00, 0x00, 0x3f, 0xfc, 0x00, 0x00, 0x00, 0x00, 0x00, 0x03, 0xff,
    0xc0, 0x00, 0x00, 0x00, 0x00, 0x00, 0x3f, 0xfc, 0x00, 0x00, 0x00, 0x00,
    0x00, 0x03, 0xff, 0xc0, 0x00, 0x00, 0x00, 0x00, 0x00, 0x3f, 0xfc, 0x00,
    0x00, 0x00, 0x00, 0x00, 0x03, 0xff, 0xc0, 0x00, 0x00, 0x00, 0x00, 0x00,
    0x3f, 0xfc, 0x00, 0x00, 0x00, 0x00, 0x00, 0x03, 0xff, 0xc0, 0x00, 0x00,
    0x00, 0x00, 0x00, 0x3f, 0xfc, 0x00, 0x00, 0x00, 0x00, 0x00, 0x03, 0xff,
    0xc0, 0x00, 0x00, 0x00, 0x00, 0x00, 0x3f, 0xfc, 0x00, 0x00, 0x00, 0x00,
    0x00, 0x03, 0xff, 0xc0, 0x00, 0x00, 0x00, 0x00, 0x00, 0x3f, 0xfc, 0x00,
    0x00, 0x00, 0x00, 0x00, 0x03, 0xff, 0xc0, 0x00, 0x00, 0x00, 0x00, 0x00,
    0x3f, 0xfc, 0x00, 0x00, 0x00, 0x00, 0x00, 0x03, 0xff, 0xc0, 0x00, 0x00,
    0x00, 0x00, 0x00, 0x3f, 0xfc, 0x00, 0x00, 0x00, 0x00, 0x00, 0x03, 0xff,
    0xc0, 0x00, 0x00, 0x00, 0x00, 0x00, 0x3f, 0xfc, 0x00, 0x00, 0x00, 0x00,
    0x00, 0x03, 0xff, 0xe9, 0x99, 0x99, 0x99, 0x99, 0x95, 0x3f, 0xff, 0xff,
    0xff, 0xff, 0xff, 0xff, 0x83, 0xff, 0xff, 0xff, 0xff, 0xff, 0xff, 0xf8,

    /* U+004D "M" */
    0x14, 0x44, 0x40, 0x00, 0x00, 0x00, 0x00, 0x00, 0x00, 0x01, 0x44, 0x44,
    0x03, 0xff, 0xff, 0x50, 0x00, 0x00, 0x00, 0x00, 0x00, 0x00, 0x7f, 0xff,
    0xf1, 0x3f, 0xff, 0xfb, 0x00, 0x00, 0x00, 0x00, 0x00, 0x00, 0x0c, 0xff,
    0xff, 0x13, 0xff, 0xff, 0xf2, 0x00, 0x00, 0x00, 0x00, 0x00, 0x03, 0xff,
    0xff, 0xf1, 0x3f, 0xfc, 0xff, 0x80, 0x00, 0x00, 0x00, 0x00, 0x00, 0x9f,
    0xfc, 0xff, 0x13, 0xff, 0x9e, 0xfd, 0x00, 0x00, 0x00, 0x00, 0x00, 0x1e,
    0xfb, 0xbf, 0xf1, 0x3f, 0xf9, 0x9f, 0xf4, 0x00, 0x00, 0x00, 0x00, 0x06,
    0xff, 0x6c, 0xff, 0x13, 0xff, 0x94, 0xff, 0xa0, 0x00, 0x00, 0x00, 0x00,
    0xbf, 0xf1, 0xcf, 0xf1, 0x3f, 0xf9, 0x0e, 0xff, 0x10, 0x00, 0x00, 0x00,
    0x2f, 0xfb, 0x0c, 0xff, 0x13, 0xff, 0x90, 0x9f, 0xf7, 0x00, 0x00, 0x00,
    0x08, 0xff, 0x60, 0xcf, 0xf1, 0x3f, 0xfa, 0x03, 0xff, 0xd0, 0x00, 0x00,
    0x00, 0xdf, 0xe1, 0x0c, 0xff, 0x13, 0xff, 0xa0, 0x0c, 0xff, 0x40, 0x00,
    0x00, 0x4f, 0xf9, 0x00, 0xcf, 0xf1, 0x3f, 0xfa, 0x00, 0x6f, 0xf9, 0x00,
    0x00, 0x0a, 0xff, 0x30, 0x0c, 0xff, 0x13, 0xff, 0xa0, 0x01, 0xef, 0xe1,
    0x00, 0x01, 0xff, 0xd0, 0x00, 0xcf, 0xf1, 0x3f, 0xfa, 0x00, 0x09, 0xff,
    0x60, 0x00, 0x7f, 0xf7, 0x00, 0x0c, 0xff, 0x13, 0xff, 0xa0, 0x00, 0x3f,
    0xfc, 0x00, 0x0c, 0xff, 0x10, 0x00, 0xcf, 0xf1, 0x3f, 0xfa, 0x00, 0x00,
    0xcf, 0xf2, 0x03, 0xff, 0xa0, 0x00, 0x0c, 0xff, 0x13, 0xff, 0xa0, 0x00,
    0x06, 0xff, 0x70, 0x8f, 0xf4, 0x00, 0x00, 0xcf, 0xf1, 0x3f, 0xfa, 0x00,
    0x00, 0x1e, 0xfc, 0x0d, 0xfd, 0x00, 0x00, 0x0c, 0xff, 0x13, 0xff, 0xa0,
    0x00, 0x00, 0xaf, 0xf4, 0xff, 0x70, 0x00, 0x00, 0xcf, 0xf1, 0x3f, 0xfa,
    0x00, 0x00, 0x04, 0xff, 0xdf, 0xf2, 0x00, 0x00, 0x0c, 0xff, 0x13, 0xff,
    0xa0, 0x00, 0x00, 0x0d, 0xff, 0xfb, 0x00, 0x00, 0x00, 0xcf, 0xf1, 0x3f,
    0xfa, 0x00, 0x00, 0x00, 0x7f, 0xff, 0x50, 0x00, 0x00, 0x0c, 0xff, 0x13,
    0xff, 0xa0, 0x00, 0x00, 0x01, 0xff, 0xe0, 0x00, 0x00, 0x00, 0xcf, 0xf1,

    /* U+004E "N" */
    0x14, 0x44, 0x20, 0x00, 0x00, 0x00, 0x00, 0x00, 0x34, 0x41, 0x3f, 0xff,
    0xc0, 0x00, 0x00, 0x00, 0x00, 0x00, 0xaf, 0xf4, 0x3f, 0xff, 0xf7, 0x00,
    0x00, 0x00, 0x00, 0x00, 0xaf, 0xf4, 0x3f, 0xff, 0xfe, 0x20, 0x00, 0x00,
    0x00, 0x00, 0xaf, 0xf4, 0x3f, 0xfd, 0xff, 0xb0, 0x00, 0x00, 0x00, 0x00,
    0xaf, 0xf4, 0x3f, 0xf9, 0xbf, 0xf5, 0x00, 0x00, 0x00, 0x00, 0xaf, 0xf4,
    0x3f, 0xfa, 0x3f, 0xfe, 0x10, 0x00, 0x00, 0x00, 0xaf, 0xf4, 0x3f, 0xfa,
    0x09, 0xff, 0x90, 0x00, 0x00, 0x00, 0xaf, 0xf4, 0x3f, 0xfb, 0x02, 0xef,
    0xf4, 0x00, 0x00, 0x00, 0xaf, 0xf4, 0x3f, 0xfc, 0x00, 0x7f, 0xfd, 0x10,
    0x00, 0x00, 0xaf, 0xf4, 0x3f, 0xfc, 0x00, 0x0c, 0xff, 0x80, 0x00, 0x00,
    0xaf, 0xf4, 0x3f, 0xfc, 0x00, 0x03, 0xff, 0xf3, 0x00, 0x00, 0xaf, 0xf4,
    0x3f, 0xfc, 0x00, 0x00, 0x8f, 0xfc, 0x00, 0x00, 0xaf, 0xf4, 0x3f, 0xfc,
    0x00, 0x00, 0x1d, 0xff, 0x70, 0x00, 0xaf, 0xf4, 0x3f, 0xfc, 0x00, 0x00,
    0x04, 0xff, 0xe2, 0x00, 0xaf, 0xf4, 0x3f, 0xfc, 0x00, 0x00, 0x00, 0xaf,
    0xfb, 0x00, 0xaf, 0xf4, 0x3f, 0xfc, 0x00, 0x00, 0x00, 0x1e, 0xff, 0x50,
    0xaf, 0xf4, 0x3f, 0xfc, 0x00, 0x00, 0x00, 0x06, 0xff, 0xd0, 0x9f, 0xf4,
    0x3f, 0xfc, 0x00, 0x00, 0x00, 0x00, 0xbf, 0xf7, 0x9f, 0xf4, 0x3f, 0xfc,
    0x00, 0x00, 0x00, 0x00, 0x2e, 0xfe, 0x9f, 0xf4, 0x3f, 0xfc, 0x00, 0x00,
    0x00, 0x00, 0x07, 0xff, 0xff, 0xf4, 0x3f, 0xfc, 0x00, 0x00, 0x00, 0x00,
    0x00, 0xcf, 0xff, 0xf4, 0x3f, 0xfc, 0x00, 0x00, 0x00, 0x00, 0x00, 0x3f,
    0xff, 0xf4, 0x3f, 0xfc, 0x00, 0x00, 0x00, 0x00, 0x00, 0x08, 0xff, 0xf4,

    /* U+004F "O" */
    0x00, 0x00, 0x00, 0x00, 0x37, 0x89, 0x85, 0x10, 0x00, 0x00, 0x00, 0x00,
    0x00, 0x00, 0x7d, 0xff, 0xff, 0xff, 0xfa, 0x30, 0x00, 0x00, 0x00, 0x00,
    0x2c, 0xff, 0xff, 0xff, 0xff, 0xff, 0xf7, 0x00, 0x00, 0x00, 0x02, 0xdf,
    0xff, 0xb6, 0x33, 0x48, 0xef, 0xff, 0x70, 0x00, 0x00, 0x0c, 0xff, 0xe4,
    0x00, 0x00, 0x00, 0x19, 0xff, 0xf5, 0x00, 0x00, 0x7f, 0xfe, 0x20, 0x00,
    0x00, 0x00, 0x00, 0x8f, 0xfd, 0x10, 0x00, 0xef, 0xf5, 0x00, 0x00, 0x00,
    0x00, 0x00, 0x0c, 0xff, 0x60, 0x05, 0xff, 0xb0, 0x00, 0x00, 0x00, 0x00,
    0x00, 0x04, 0xff, 0xc0, 0x0a, 0xff, 0x60, 0x00, 0x00, 0x00, 0x00, 0x00,
    0x00, 0xef, 0xf2, 0x0d, 0xff, 0x10, 0x00, 0x00, 0x00, 0x00, 0x00, 0x00,
    0xaf, 0xf5, 0x0f, 0xfe, 0x00, 0x00, 0x00, 0x00, 0x00, 0x00, 0x00, 0x8f,
    0xf7, 0x1f, 0xfd, 0x00, 0x00, 0x00, 0x00, 0x00, 0x00, 0x00, 0x6f, 0xf8,
    0x1f, 0xfc, 0x00, 0x00, 0x00, 0x00, 0x00, 0x00, 0x00, 0x5f, 0xf8, 0x1f,
    0xfd, 0x00, 0x00, 0x00, 0x00, 0x00, 0x00, 0x00, 0x6f, 0xf8, 0x0e, 0xff,
    0x00, 0x00, 0x00, 0x00, 0x00, 0x00, 0x00, 0x8f, 0xf6, 0x0c, 0xff, 0x30,
    0x00, 0x00, 0x00, 0x00, 0x00, 0x00, 0xbf, 0xf4, 0x09, 0xff, 0x70, 0x00,
    0x00, 0x00, 0x00, 0x00, 0x01, 0xff, 0xf1, 0x04, 0xff, 0xd0, 0x00, 0x00,
    0x00, 0x00, 0x00, 0x06, 0xff, 0xb0, 0x00, 0xdf, 0xf8, 0x00, 0x00, 0x00,
    0x00, 0x00, 0x1e, 0xff, 0x50, 0x00, 0x5f, 0xff, 0x50, 0x00, 0x00, 0x00,
    0x01, 0xcf, 0xfc, 0x00, 0x00, 0x0a, 0xff, 0xf8, 0x10, 0x00, 0x00, 0x3d,
    0xff, 0xe2, 0x00, 0x00, 0x01, 0xbf, 0xff, 0xea, 0x77, 0x8c, 0xff, 0xff,
    0x40, 0x00, 0x00, 0x00, 0x09, 0xff, 0xff, 0xff, 0xff, 0xff, 0xd3, 0x00,
    0x00, 0x00, 0x00, 0x00, 0x39, 0xef, 0xff, 0xff, 0xc6, 0x00, 0x00, 0x00,
    0x00, 0x00, 0x00, 0x00, 0x02, 0x44, 0x31, 0x00, 0x00, 0x00, 0x00,

    /* U+0050 "P" */
    0x14, 0x44, 0x44, 0x44, 0x43, 0x20, 0x00, 0x00, 0x03, 0xff, 0xff, 0xff,
    0xff, 0xff, 0xe8, 0x20, 0x00, 0x3f, 0xff, 0xff, 0xff, 0xff, 0xff, 0xfe,
    0x50, 0x03, 0xff, 0xd5, 0x55, 0x55, 0x69, 0xef, 0xff, 0x40, 0x3f, 0xfc,
    0x00, 0x00, 0x00, 0x01, 0xaf, 0xfd, 0x03, 0xff, 0xc0, 0x00, 0x00, 0x00,
    0x00, 0xdf, 0xf4, 0x3f, 0xfc, 0x00, 0x00, 0x00, 0x00, 0x07, 0xff, 0x83,
    0xff, 0xc0, 0x00, 0x00, 0x00, 0x00, 0x4f, 0xfa, 0x3f, 0xfc, 0x00, 0x00,
    0x00, 0x00, 0x04, 0xff, 0xa3, 0xff, 0xc0, 0x00, 0x00, 0x00, 0x00, 0x6f,
    0xf9, 0x3f, 0xfc, 0x00, 0x00, 0x00, 0x00, 0x0b, 0xff, 0x53, 0xff, 0xc0,
    0x00, 0x00, 0x00, 0x06, 0xff, 0xe1, 0x3f, 0xfc, 0x00, 0x00, 0x12, 0x4a,
    0xff, 0xf6, 0x03, 0xff, 0xff, 0xff, 0xff, 0xff, 0xff, 0xf9, 0x00, 0x3f,
    0xff, 0xff, 0xff, 0xff, 0xff, 0xd6, 0x00, 0x03, 0xff, 0xf9, 0x99, 0x99,
    0x86, 0x30, 0x00, 0x00, 0x3f, 0xfc, 0x00, 0x00, 0x00, 0x00, 0x00, 0x00,
    0x03, 0xff, 0xc0, 0x00, 0x00, 0x00, 0x00, 0x00, 0x00, 0x3f, 0xfc, 0x00,
    0x00, 0x00, 0x00, 0x00, 0x00, 0x03, 0xff, 0xc0, 0x00, 0x00, 0x00, 0x00,
    0x00, 0x00, 0x3f, 0xfc, 0x00, 0x00, 0x00, 0x00, 0x00, 0x00, 0x03, 0xff,
    0xc0, 0x00, 0x00, 0x00, 0x00, 0x00, 0x00, 0x3f, 0xfc, 0x00, 0x00, 0x00,
    0x00, 0x00, 0x00, 0x03, 0xff, 0xc0, 0x00, 0x00, 0x00, 0x00, 0x00, 0x00,

    /* U+0051 "Q" */
    0x00, 0x00, 0x00, 0x00, 0x37, 0x89, 0x85, 0x10, 0x00, 0x00, 0x00, 0x00,
    0x00, 0x00, 0x7d, 0xff, 0xff, 0xff, 0xfa, 0x30, 0x00, 0x00, 0x00, 0x00,
    0x2c, 0xff, 0xff, 0xff, 0xff, 0xff, 0xf7, 0x00, 0x00, 0x00, 0x02, 0xdf,
    0xff, 0xb6, 0x33, 0x48, 0xef, 0xff, 0x70, 0x00, 0x00, 0x0c, 0xff, 0xe4,
    0x00, 0x00, 0x00, 0x19, 0xff, 0xf5, 0x00, 0x00, 0x7f, 0xfe, 0x20, 0x00,
    0x00, 0x00, 0x00, 0x8f, 0xfd, 0x10, 0x00, 0xef, 0xf5, 0x00, 0x00, 0x00,
    0x00, 0x00, 0x0c, 0xff, 0x60, 0x05, 0xff, 0xb0, 0x00, 0x00, 0x00, 0x00,
    0x00, 0x04, 0xff, 0xc0, 0x0a, 0xff, 0x60, 0x00, 0x00, 0x00, 0x00, 0x00,
    0x00, 0xef, 0xf2, 0x0d, 0xff, 0x10, 0x00, 0x00, 0x00, 0x00, 0x00, 0x00,
    0xaf, 0xf5, 0x0f, 0xfe, 0x00, 0x00, 0x00, 0x00, 0x00, 0x00, 0x00, 0x8f,
    0xf7, 0x1f, 0xfd, 0x00, 0x00, 0x00, 0x00, 0x00, 0x00, 0x00, 0x6f, 0xf8,
    0x1f, 0xfc, 0x00, 0x00, 0x00, 0x00, 0x00, 0x00, 0x00, 0x5f, 0xf8, 0x1f,
    0xfd, 0x00, 0x00, 0x00, 0x00, 0x00, 0x00, 0x00, 0x6f, 0xf8, 0x0e, 0xff,
    0x00, 0x00, 0x00, 0x00, 0x00, 0x00, 0x00, 0x8f, 0xf6, 0x0c, 0xff, 0x30,
    0x00, 0x00, 0x00, 0x00, 0x00, 0x00, 0xbf, 0xf4, 0x09, 0xff, 0x70, 0x00,
    0x00, 0x34, 0x42, 0x00, 0x01, 0xff, 0xf1, 0x04, 0xff, 0xd0, 0x00, 0x00,
    0x3e, 0xfd, 0x10, 0x06, 0xff, 0xb0, 0x00, 0xdf, 0xf8, 0x00, 0x00, 0x06,
    0xff, 0xb0, 0x1e, 0xff, 0x50, 0x00, 0x5f, 0xff, 0x50, 0x00, 0x00, 0x9f,
    0xf8, 0xcf, 0xfc, 0x00, 0x00, 0x0a, 0xff, 0xf8, 0x10, 0x00, 0x0c, 0xff,
    0xff, 0xe2, 0x00, 0x00, 0x01, 0xbf, 0xff, 0xea, 0x77, 0x8e, 0xff, 0xff,
    0x40, 0x00, 0x00, 0x00, 0x09, 0xff, 0xff, 0xff, 0xff, 0xff, 0xfe, 0x00,
    0x00, 0x00, 0x00, 0x00, 0x39, 0xef, 0xff, 0xff, 0xcf, 0xff, 0x70, 0x00,
    0x00, 0x00, 0x00, 0x00, 0x02, 0x44, 0x31, 0x00, 0xcf, 0xf4, 0x00, 0x00,
    0x00, 0x00, 0x00, 0x00, 0x00, 0x00, 0x00, 0x2e, 0xfd, 0x10, 0x00, 0x00,
    0x00, 0x00, 0x00, 0x00, 0x00, 0x00, 0x02, 0x33, 0x10,

    /* U+0052 "R" */
    0x14, 0x44, 0x44, 0x44, 0x43, 0x20, 0x00, 0x00, 0x00, 0x3f, 0xff, 0xff,
    0xff, 0xff, 0xfe, 0x93, 0x00, 0x00, 0x3f, 0xff, 0xff, 0xff, 0xff, 0xff,
    0xff, 0x70, 0x00, 0x3f, 0xfd, 0x55, 0x55, 0x56, 0x8d, 0xff, 0xf5, 0x00,
    0x3f, 0xfc, 0x00, 0x00, 0x00, 0x00, 0x9f, 0xfe, 0x00, 0x3f, 0xfc, 0x00,
    0x00, 0x00, 0x00, 0x0c, 0xff, 0x50, 0x3f, 0xfc, 0x00, 0x00, 0x00, 0x00,
    0x06, 0xff, 0x80, 0x3f, 0xfc, 0x00, 0x00, 0x00, 0x00, 0x04, 0xff, 0xa0,
    0x3f, 0xfc, 0x00, 0x00, 0x00, 0x00, 0x04, 0xff, 0xa0, 0x3f, 0xfc, 0x00,
    0x00, 0x00, 0x00, 0x07, 0xff, 0x80, 0x3f, 0xfc, 0x00, 0x00, 0x00, 0x00,
    0x1d, 0xff, 0x40, 0x3f, 0xfc, 0x00, 0x00, 0x00, 0x03, 0xcf, 0xfd, 0x00,
    0x3f, 0xff, 0xaa, 0xaa, 0xab, 0xdf, 0xff, 0xf3, 0x00, 0x3f, 0xff, 0xff,
    0xff, 0xff, 0xff, 0xfd, 0x30, 0x00, 0x3f, 0xff, 0xff, 0xff, 0xff, 0xff,
    0xc1, 0x00, 0x00, 0x3f, 0xfc, 0x00, 0x00, 0x06, 0xff, 0xe1, 0x00, 0x00,
    0x3f, 0xfc, 0x00, 0x00, 0x00, 0xcf, 0xf8, 0x00, 0x00, 0x3f, 0xfc, 0x00,
    0x00, 0x00, 0x5f, 0xff, 0x20, 0x00, 0x3f, 0xfc, 0x00, 0x00, 0x00, 0x0b,
    0xff, 0x90, 0x00, 0x3f, 0xfc, 0x00, 0x00, 0x00, 0x03, 0xff, 0xf3, 0x00,
    0x3f, 0xfc, 0x00, 0x00, 0x00, 0x00, 0xaf, 0xfb, 0x00, 0x3f, 0xfc, 0x00,
    0x00, 0x00, 0x00, 0x3f, 0xff, 0x40, 0x3f, 0xfc, 0x00, 0x00, 0x00, 0x00,
    0x09, 0xff, 0xc0, 0x3f, 0xfc, 0x00, 0x00, 0x00, 0x00, 0x02, 0xff, 0xf5,

    /* U+0053 "S" */
    0x00, 0x00, 0x00, 0x26, 0x89, 0x76, 0x20, 0x00, 0x00, 0x00, 0x00, 0x4c,
    0xff, 0xff, 0xff, 0xfb, 0x30, 0x00, 0x00, 0x07, 0xff, 0xff, 0xff, 0xff,
    0xff, 0xf6, 0x00, 0x00, 0x6f, 0xff, 0xa4, 0x21, 0x36, 0xcf, 0xff, 0x50,
    0x01, 0xef, 0xf5, 0x00, 0x00, 0x00, 0x08, 0xff, 0xd0, 0x05, 0xff, 0xa0,
    0x00, 0x00, 0x00, 0x00, 0xcf, 0xf3, 0x08, 0xff, 0x60, 0x00, 0x00, 0x00,
    0x00, 0x59, 0x93, 0x07, 0xff, 0x70, 0x00, 0x00, 0x00, 0x00, 0x00, 0x00,
    0x05, 0xff, 0xd1, 0x00, 0x00, 0x00, 0x00, 0x00, 0x00, 0x00, 0xdf, 0xfd,
    0x40, 0x00, 0x00, 0x00, 0x00, 0x00, 0x00, 0x3e, 0xff, 0xfd, 0x83, 0x00,
    0x00, 0x00, 0x00, 0x00, 0x03, 0xcf, 0xff, 0xff, 0xea, 0x50, 0x00, 0x00,
    0x00, 0x00, 0x05, 0xbf, 0xff, 0xff, 0xfe, 0x70, 0x00, 0x00, 0x00, 0x00,
    0x01, 0x59, 0xef, 0xff, 0xfb, 0x10, 0x00, 0x00, 0x00, 0x00, 0x00, 0x04,
    0xaf, 0xff, 0xb0, 0x00, 0x00, 0x00, 0x00, 0x00, 0x00, 0x03, 0xef, 0xf4,
    0x00, 0x00, 0x00, 0x00, 0x00, 0x00, 0x00, 0x6f, 0xf9, 0x01, 0x11, 0x00,
    0x00, 0x00, 0x00, 0x00, 0x3f, 0xfa, 0x1f, 0xff, 0x00, 0x00, 0x00, 0x00,
    0x00, 0x5f, 0xf9, 0x0d, 0xff, 0x60, 0x00, 0x00, 0x00, 0x00, 0xbf, 0xf6,
    0x06, 0xff, 0xe5, 0x00, 0x00, 0x00, 0x1a, 0xff, 0xe1, 0x00, 0xcf, 0xff,
    0xb7, 0x54, 0x59, 0xef, 0xff, 0x50, 0x00, 0x1b, 0xff, 0xff, 0xff, 0xff,
    0xff, 0xe6, 0x00, 0x00, 0x00, 0x5c, 0xff, 0xff, 0xff, 0xe9, 0x20, 0x00,
    0x00, 0x00, 0x00, 0x14, 0x56, 0x43, 0x00, 0x00, 0x00,

    /* U+0054 "T" */
    0x24, 0x44, 0x44, 0x44, 0x44, 0x44, 0x44, 0x44, 0x44, 0x17, 0xff, 0xff,
    0xff, 0xff, 0xff, 0xff, 0xff, 0xff, 0xf2, 0x7f, 0xff, 0xff, 0xff, 0xff,
    0xff, 0xff, 0xff, 0xff, 0x22, 0x55, 0x55, 0x55, 0x7f, 0xfd, 0x55, 0x55,
    0x55, 0x51, 0x00, 0x00, 0x00, 0x02, 0xff, 0xc0, 0x00, 0x00, 0x00, 0x00,
    0x00, 0x00, 0x00, 0x2f, 0xfc, 0x00, 0x00, 0x00, 0x00, 0x00, 0x00, 0x00,
    0x02, 0xff, 0xc0, 0x00, 0x00, 0x00, 0x00, 0x00, 0x00, 0x00, 0x2f, 0xfc,
    0x00, 0x00, 0x00, 0x00, 0x00, 0x00, 0x00, 0x02, 0xff, 0xc0, 0x00, 0x00,
    0x00, 0x00, 0x00, 0x00, 0x00, 0x2f, 0xfc, 0x00, 0x00, 0x00, 0x00, 0x00,
    0x00, 0x00, 0x02, 0xff, 0xc0, 0x00, 0x00, 0x00, 0x00, 0x00, 0x00, 0x00,
    0x2f, 0xfc, 0x00, 0x00, 0x00, 0x00, 0x00, 0x00, 0x00, 0x02, 0xff, 0xc0,
    0x00, 0x00, 0x00, 0x00, 0x00, 0x00, 0x00, 0x2f, 0xfc, 0x00, 0x00, 0x00,
    0x00, 0x00, 0x00, 0x00, 0x02, 0xff, 0xc0, 0x00, 0x00, 0x00, 0x00, 0x00,
    0x00, 0x00, 0x2f, 0xfc, 0x00, 0x00, 0x00, 0x00, 0x00, 0x00, 0x00, 0x02,
    0xff, 0xc0, 0x00, 0x00, 0x00, 0x00, 0x00, 0x00, 0x00, 0x2f, 0xfc, 0x00,
    0x00, 0x00, 0x00, 0x00, 0x00, 0x00, 0x02, 0xff, 0xc0, 0x00, 0x00, 0x00,
    0x00, 0x00, 0x00, 0x00, 0x2f, 0xfc, 0x00, 0x00, 0x00, 0x00, 0x00, 0x00,
    0x00, 0x02, 0xff, 0xc0, 0x00, 0x00, 0x00, 0x00, 0x00, 0x00, 0x00, 0x2f,
    0xfc, 0x00, 0x00, 0x00, 0x00, 0x00, 0x00, 0x00, 0x02, 0xff, 0xc0, 0x00,
    0x00, 0x00, 0x00, 0x00, 0x00, 0x00, 0x2f, 0xfc, 0x00, 0x00, 0x00, 0x00,

    /* U+0055 "U" */
    0x14, 0x43, 0x00, 0x00, 0x00, 0x00, 0x00, 0x00, 0x44, 0x43, 0xff, 0xc0,
    0x00, 0x00, 0x00, 0x00, 0x00, 0x0f, 0xff, 0x3f, 0xfc, 0x00, 0x00, 0x00,
    0x00, 0x00, 0x00, 0xff, 0xf3, 0xff, 0xc0, 0x00, 0x00, 0x00, 0x00, 0x00,
    0x0f, 0xff, 0x3f, 0xfc, 0x00, 0x00, 0x00, 0x00, 0x00, 0x00, 0xff, 0xf3,
    0xff, 0xc0, 0x00, 0x00, 0x00, 0x00, 0x00, 0x0f, 0xff, 0x3f, 0xfc, 0x00,
    0x00, 0x00, 0x00, 0x00, 0x00, 0xff, 0xf3, 0xff, 0xc0, 0x00, 0x00, 0x00,
    0x00, 0x00, 0x0f, 0xff, 0x3f, 0xfc, 0x00, 0x00, 0x00, 0x00, 0x00, 0x00,
    0xff, 0xf3, 0xff, 0xc0, 0x00, 0x00, 0x00, 0x00, 0x00, 0x0f, 0xff, 0x3f,
    0xfc, 0x00, 0x00, 0x00, 0x00, 0x00, 0x00, 0xff, 0xf3, 0xff, 0xc0, 0x00,
    0x00, 0x00, 0x00, 0x00, 0x0f, 0xff, 0x3f, 0xfc, 0x00, 0x00, 0x00, 0x00,
    0x00, 0x00, 0xff, 0xf3, 0xff, 0xc0, 0x00, 0x00, 0x00, 0x00, 0x00, 0x0f,
    0xff, 0x3f, 0xfc, 0x00, 0x00, 0x00, 0x00, 0x00, 0x00, 0xff, 0xf3, 0xff,
    0xc0, 0x00, 0x00, 0x00, 0x00, 0x00, 0x0f, 0xff, 0x2f, 0xfd, 0x00, 0x00,
    0x00, 0x00, 0x00, 0x01, 0xff, 0xf1, 0xff, 0xf1, 0x00, 0x00, 0x00, 0x00,
    0x00, 0x3f, 0xfd, 0x0d, 0xff, 0x60, 0x00, 0x00, 0x00, 0x00, 0x09, 0xff,
    0xa0, 0x7f, 0xfe, 0x20, 0x00, 0x00, 0x00, 0x04, 0xff, 0xf4, 0x01, 0xdf,
    0xfd, 0x40, 0x00, 0x00, 0x05, 0xef, 0xfb, 0x00, 0x03, 0xef, 0xff, 0xc8,
    0x67, 0x8d, 0xff, 0xfd, 0x10, 0x00, 0x03, 0xdf, 0xff, 0xff, 0xff, 0xff,
    0xfb, 0x20, 0x00, 0x00, 0x01, 0x7d, 0xff, 0xff, 0xff, 0xc6, 0x00, 0x00,
    0x00, 0x00, 0x00, 0x02, 0x45, 0x54, 0x10, 0x00, 0x00, 0x00,

    /* U+0056 "V" */
    0x14, 0x44, 0x00, 0x00, 0x00, 0x00, 0x00, 0x00, 0x00, 0x44, 0x41, 0x0d,
    0xff, 0x30, 0x00, 0x00, 0x00, 0x00, 0x00, 0x02, 0xff, 0xe1, 0x08, 0xff,
    0x90, 0x00, 0x00, 0x00, 0x00, 0x00, 0x08, 0xff, 0x90, 0x02, 0xff, 0xe0,
    0x00, 0x00, 0x00, 0x00, 0x00, 0x0d, 0xff, 0x40, 0x00, 0xcf, 0xf4, 0x00,
    0x00, 0x00, 0x00, 0x00, 0x3f, 0xfd, 0x00, 0x00, 0x6f, 0xfa, 0x00, 0x00,
    0x00, 0x00, 0x00, 0x8f, 0xf8, 0x00, 0x00, 0x1f, 0xfe, 0x10, 0x00, 0x00,
    0x00, 0x00, 0xdf, 0xf2, 0x00, 0x00, 0x0a, 0xff, 0x50, 0x00, 0x00, 0x00,
    0x04, 0xff, 0xc0, 0x00, 0x00, 0x05, 0xff, 0xb0, 0x00, 0x00, 0x00, 0x09,
    0xff, 0x60, 0x00, 0x00, 0x00, 0xef, 0xf1, 0x00, 0x00, 0x00, 0x0e, 0xff,
    0x10, 0x00, 0x00, 0x00, 0x9f, 0xf6, 0x00, 0x00, 0x00, 0x4f, 0xfb, 0x00,
    0x00, 0x00, 0x00, 0x3f, 0xfc, 0x00, 0x00, 0x00, 0xaf, 0xf5, 0x00, 0x00,
    0x00, 0x00, 0x0d, 0xff, 0x20, 0x00, 0x00, 0xef, 0xe1, 0x00, 0x00, 0x00,
    0x00, 0x07, 0xff, 0x70, 0x00, 0x05, 0xff, 0x90, 0x00, 0x00, 0x00, 0x00,
    0x02, 0xff, 0xd0, 0x00, 0x0a, 0xff, 0x40, 0x00, 0x00, 0x00, 0x00, 0x00,
    0xbf, 0xf3, 0x00, 0x1e, 0xfd, 0x00, 0x00, 0x00, 0x00, 0x00, 0x00, 0x6f,
    0xf8, 0x00, 0x5f, 0xf8, 0x00, 0x00, 0x00, 0x00, 0x00, 0x00, 0x1e, 0xfd,
    0x00, 0xaf, 0xf2, 0x00, 0x00, 0x00, 0x00, 0x00, 0x00, 0x0a, 0xff, 0x20,
    0xef, 0xc0, 0x00, 0x00, 0x00, 0x00, 0x00, 0x00, 0x04, 0xff, 0x74, 0xff,
    0x60, 0x00, 0x00, 0x00, 0x00, 0x00, 0x00, 0x00, 0xef, 0xc9, 0xff, 0x10,
    0x00, 0x00, 0x00, 0x00, 0x00, 0x00, 0x00, 0x8f, 0xfe, 0xfb, 0x00, 0x00,
    0x00, 0x00, 0x00, 0x00, 0x00, 0x00, 0x3f, 0xff, 0xf5, 0x00, 0x00, 0x00,
    0x00, 0x00, 0x00, 0x00, 0x00, 0x0c, 0xff, 0xe1, 0x00, 0x00, 0x00, 0x00,

    /* U+0057 "W" */
    0x14, 0x44, 0x00, 0x00, 0x00, 0x00, 0x00, 0x44, 0x42, 0x00, 0x00, 0x00,
    0x00, 0x02, 0x44, 0x30, 0xef, 0xf1, 0x00, 0x00, 0x00, 0x00, 0x2f, 0xff,
    0xa0, 0x00, 0x00, 0x00, 0x00, 0x8f, 0xf8, 0x0b, 0xff, 0x50, 0x00, 0x00,
    0x00, 0x06, 0xff, 0xfe, 0x00, 0x00, 0x00, 0x00, 0x0c, 0xff, 0x30, 0x6f,
    0xf8, 0x00, 0x00, 0x00, 0x00, 0xaf, 0xff, 0xf3, 0x00, 0x00, 0x00, 0x01,
    0xff, 0xe0, 0x02, 0xff, 0xc0, 0x00, 0x00, 0x00, 0x0e, 0xfd, 0xff, 0x70,
    0x00, 0x00, 0x00, 0x5f, 0xfa, 0x00, 0x0d, 0xff, 0x10, 0x00, 0x00, 0x03,
    0xff, 0x7f, 0xfb, 0x00, 0x00, 0x00, 0x09, 0xff, 0x60, 0x00, 0x9f, 0xf5,
    0x00, 0x00, 0x00, 0x7f, 0xf4, 0xcf, 0xe0, 0x00, 0x00, 0x00, 0xdf, 0xf2,
    0x00, 0x05, 0xff, 0x90, 0x00, 0x00, 0x0b, 0xff, 0x18, 0xff, 0x30, 0x00,
    0x00, 0x1f, 0xfd, 0x00, 0x00, 0x1f, 0xfd, 0x00, 0x00, 0x00, 0xef, 0xc0,
    0x4f, 0xf7, 0x00, 0x00, 0x05, 0xff, 0x90, 0x00, 0x00, 0xcf, 0xf2, 0x00,
    0x00, 0x4f, 0xf8, 0x01, 0xff, 0xb0, 0x00, 0x00, 0x9f, 0xf5, 0x00, 0x00,
    0x08, 0xff, 0x60, 0x00, 0x08, 0xff, 0x40, 0x0c, 0xff, 0x10, 0x00, 0x0d,
    0xff, 0x10, 0x00, 0x00, 0x4f, 0xf9, 0x00, 0x00, 0xcf, 0xf0, 0x00, 0x8f,
    0xf4, 0x00, 0x02, 0xff, 0xc0, 0x00, 0x00, 0x00, 0xef, 0xd0, 0x00, 0x1f,
    0xfb, 0x00, 0x03, 0xff, 0x80, 0x00, 0x6f, 0xf7, 0x00, 0x00, 0x00, 0x0b,
    0xff, 0x20, 0x04, 0xff, 0x70, 0x00, 0x0e, 0xfc, 0x00, 0x0a, 0xff, 0x30,
    0x00, 0x00, 0x00, 0x7f, 0xf6, 0x00, 0x8f, 0xf3, 0x00, 0x00, 0xaf, 0xf1,
    0x00, 0xdf, 0xe0, 0x00, 0x00, 0x00, 0x02, 0xff, 0xa0, 0x0c, 0xfe, 0x00,
    0x00, 0x06, 0xff, 0x50, 0x2f, 0xfa, 0x00, 0x00, 0x00, 0x00, 0x0d, 0xfd,
    0x01, 0xff, 0xa0, 0x00, 0x00, 0x2f, 0xf8, 0x06, 0xff, 0x60, 0x00, 0x00,
    0x00, 0x00, 0x9f, 0xf2, 0x5f, 0xf6, 0x00, 0x00, 0x00, 0xdf, 0xc0, 0x9f,
    0xf2, 0x00, 0x00, 0x00, 0x00, 0x05, 0xff, 0x58, 0xff, 0x20, 0x00, 0x00,
    0x09, 0xff, 0x1d, 0xfd, 0x00, 0x00, 0x00, 0x00, 0x00, 0x1f, 0xf8, 0xbf,
    0xd0, 0x00, 0x00, 0x00, 0x5f, 0xf5, 0xff, 0x90, 0x00, 0x00, 0x00, 0x00,
    0x00, 0xcf, 0xbe, 0xf9, 0x00, 0x00, 0x00, 0x01, 0xff, 0xbf, 0xf5, 0x00,
    0x00, 0x00, 0x00, 0x00, 0x08, 0xff, 0xff, 0x40, 0x00, 0x00, 0x00, 0x0c,
    0xff, 0xff, 0x10, 0x00, 0x00, 0x00, 0x00, 0x00, 0x4f, 0xff, 0xf1, 0x00,
    0x00, 0x00, 0x00, 0x8f, 0xff, 0xb0, 0x00, 0x00, 0x00, 0x00, 0x00, 0x00,
    0xef, 0xfb, 0x00, 0x00, 0x00, 0x00, 0x04, 0xff, 0xf7, 0x00, 0x00, 0x00,

    /* U+0058 "X" */
    0x02, 0x44, 0x40, 0x00, 0x00, 0x00, 0x00, 0x00, 0x04, 0x44, 0x20, 0x2e,
    0xff, 0x60, 0x00, 0x00, 0x00, 0x00, 0x06, 0xff, 0xd1, 0x00, 0x6f, 0xfe,
    0x20, 0x00, 0x00, 0x00, 0x02, 0xef, 0xf4, 0x00, 0x00, 0xaf, 0xfb, 0x00,
    0x00, 0x00, 0x00, 0xcf, 0xf9, 0x00, 0x00, 0x01, 0xef, 0xf6, 0x00, 0x00,
    0x00, 0x7f, 0xfd, 0x00, 0x00, 0x00, 0x05, 0xff, 0xe2, 0x00, 0x00, 0x3f,
    0xff, 0x30, 0x00, 0x00, 0x00, 0x09, 0xff, 0xb0, 0x00, 0x0c, 0xff, 0x70,
    0x00, 0x00, 0x00, 0x00, 0x1d, 0xff, 0x60, 0x08, 0xff, 0xc0, 0x00, 0x00,
    0x00, 0x00, 0x00, 0x4f, 0xfe, 0x12, 0xff, 0xe2, 0x00, 0x00, 0x00, 0x00,
    0x00, 0x00, 0x8f, 0xf9, 0xaf, 0xf6, 0x00, 0x00, 0x00, 0x00, 0x00, 0x00,
    0x00, 0xcf, 0xff, 0xfb, 0x00, 0x00, 0x00, 0x00, 0x00, 0x00, 0x00, 0x03,
    0xff, 0xff, 0x10, 0x00, 0x00, 0x00, 0x00, 0x00, 0x00, 0x00, 0x2f, 0xff,
    0xf2, 0x00, 0x00, 0x00, 0x00, 0x00, 0x00, 0x00, 0x0b, 0xff, 0xff, 0xb0,
    0x00, 0x00, 0x00, 0x00, 0x00, 0x00, 0x07, 0xff, 0xac, 0xff, 0x60, 0x00,
    0x00, 0x00, 0x00, 0x00, 0x03, 0xff, 0xe2, 0x4f, 0xfe, 0x20, 0x00, 0x00,
    0x00, 0x00, 0x00, 0xcf, 0xf7, 0x00, 0x9f, 0xfc, 0x00, 0x00, 0x00, 0x00,
    0x00, 0x8f, 0xfc, 0x00, 0x01, 0xdf, 0xf7, 0x00, 0x00, 0x00, 0x00, 0x4f,
    0xfe, 0x20, 0x00, 0x04, 0xff, 0xf3, 0x00, 0x00, 0x00, 0x1d, 0xff, 0x60,
    0x00, 0x00, 0x09, 0xff, 0xc0, 0x00, 0x00, 0x0a, 0xff, 0xa0, 0x00, 0x00,
    0x00, 0x1d, 0xff, 0x80, 0x00, 0x05, 0xff, 0xe1, 0x00, 0x00, 0x00, 0x00,
    0x3f, 0xff, 0x30, 0x02, 0xef, 0xf5, 0x00, 0x00, 0x00, 0x00, 0x00, 0x8f,
    0xfd, 0x10, 0xbf, 0xf9, 0x00, 0x00, 0x00, 0x00, 0x00, 0x00, 0xcf, 0xf9,

    /* U+0059 "Y" */
    0x04, 0x44, 0x10, 0x00, 0x00, 0x00, 0x00, 0x00, 0x03, 0x44, 0x30, 0xbf,
    0xfb, 0x00, 0x00, 0x00, 0x00, 0x00, 0x01, 0xef, 0xf6, 0x02, 0xef, 0xf5,
    0x00, 0x00, 0x00, 0x00, 0x00, 0x9f, 0xfc, 0x00, 0x07, 0xff, 0xe1, 0x00,
    0x00, 0x00, 0x00, 0x3f, 0xff, 0x30, 0x00, 0x0c, 0xff, 0x90, 0x00, 0x00,
    0x00, 0x0c, 0xff, 0x80, 0x00, 0x00, 0x3f, 0xff, 0x30, 0x00, 0x00, 0x07,
    0xff, 0xd1, 0x00, 0x00, 0x00, 0x9f, 0xfc, 0x00, 0x00, 0x02, 0xef, 0xf5,
    0x00, 0x00, 0x00, 0x01, 0xef, 0xf6, 0x00, 0x00, 0xaf, 0xfa, 0x00, 0x00,
    0x00, 0x00, 0x05, 0xff, 0xe1, 0x00, 0x4f, 0xfe, 0x20, 0x00, 0x00, 0x00,
    0x00, 0x0b, 0xff, 0x90, 0x0c, 0xff, 0x70, 0x00, 0x00, 0x00, 0x00, 0x00,
    0x2e, 0xff, 0x26, 0xff, 0xc0, 0x00, 0x00, 0x00, 0x00, 0x00, 0x00, 0x7f,
    0xfa, 0xdf, 0xf3, 0x00, 0x00, 0x00, 0x00, 0x00, 0x00, 0x00, 0xcf, 0xff,
    0xf9, 0x00, 0x00, 0x00, 0x00, 0x00, 0x00, 0x00, 0x04, 0xff, 0xfd, 0x10,
    0x00, 0x00, 0x00, 0x00, 0x00, 0x00, 0x00, 0x0a, 0xff, 0x60, 0x00, 0x00,
    0x00, 0x00, 0x00, 0x00, 0x00, 0x00, 0x9f, 0xf5, 0x00, 0x00, 0x00, 0x00,
    0x00, 0x00, 0x00, 0x00, 0x09, 0xff, 0x50, 0x00, 0x00, 0x00, 0x00, 0x00,
    0x00, 0x00, 0x00, 0x9f, 0xf5, 0x00, 0x00, 0x00, 0x00, 0x00, 0x00, 0x00,
    0x00, 0x09, 0xff, 0x50, 0x00, 0x00, 0x00, 0x00, 0x00, 0x00, 0x00, 0x00,
    0x9f, 0xf5, 0x00, 0x00, 0x00, 0x00, 0x00, 0x00, 0x00, 0x00, 0x09, 0xff,
    0x50, 0x00, 0x00, 0x00, 0x00, 0x00, 0x00, 0x00, 0x00, 0x9f, 0xf5, 0x00,
    0x00, 0x00, 0x00, 0x00, 0x00, 0x00, 0x00, 0x09, 0xff, 0x50, 0x00, 0x00,
    0x00, 0x00, 0x00, 0x00, 0x00, 0x00, 0x9f, 0xf5, 0x00, 0x00, 0x00, 0x00,

    /* U+005A "Z" */
    0x04, 0x44, 0x44, 0x44, 0x44, 0x44, 0x44, 0x44, 0x40, 0x1f, 0xff, 0xff,
    0xff, 0xff, 0xff, 0xff, 0xff, 0xf1, 0x1f, 0xff, 0xff, 0xff, 0xff, 0xff,
    0xff, 0xff, 0xf1, 0x05, 0x55, 0x55, 0x55, 0x55, 0x55, 0x5b, 0xff, 0xa0,
    0x00, 0x00, 0x00, 0x00, 0x00, 0x00, 0x3f, 0xfe, 0x10, 0x00, 0x00, 0x00,
    0x00, 0x00, 0x01, 0xdf, 0xf5, 0x00, 0x00, 0x00, 0x00, 0x00, 0x00, 0x09,
    0xff, 0xa0, 0x00, 0x00, 0x00, 0x00, 0x00, 0x00, 0x4f, 0xfd, 0x10, 0x00,
    0x00, 0x00, 0x00, 0x00, 0x01, 0xdf, 0xf4, 0x00, 0x00, 0x00, 0x00, 0x00,
    0x00, 0x0a, 0xff, 0x90, 0x00, 0x00, 0x00, 0x00, 0x00, 0x00, 0x5f, 0xfd,
    0x10, 0x00, 0x00, 0x00, 0x00, 0x00, 0x01, 0xef, 0xf4, 0x00, 0x00, 0x00,
    0x00, 0x00, 0x00, 0x0a, 0xff, 0x90, 0x00, 0x00, 0x00, 0x00, 0x00, 0x00,
    0x5f, 0xfd, 0x10, 0x00, 0x00, 0x00, 0x00, 0x00, 0x01, 0xef, 0xf4, 0x00,
    0x00, 0x00, 0x00, 0x00, 0x00, 0x0a, 0xff, 0x90, 0x00, 0x00, 0x00, 0x00,
    0x00, 0x00, 0x5f, 0xfd, 0x10, 0x00, 0x00, 0x00, 0x00, 0x00, 0x01, 0xef,
    0xf4, 0x00, 0x00, 0x00, 0x00, 0x00, 0x00, 0x0a, 0xff, 0x80, 0x00, 0x00,
    0x00, 0x00, 0x00, 0x00, 0x5f, 0xfc, 0x00, 0x00, 0x00, 0x00, 0x00, 0x00,
    0x01, 0xef, 0xe2, 0x00, 0x00, 0x00, 0x00, 0x00, 0x00, 0x0a, 0xff, 0xd9,
    0x99, 0x99, 0x99, 0x99, 0x99, 0x92, 0x0f, 0xff, 0xff, 0xff, 0xff, 0xff,
    0xff, 0xff, 0xf3, 0x0f, 0xff, 0xff, 0xff, 0xff, 0xff, 0xff, 0xff, 0xf3,

    /* U+005B "[" */
    0x5b, 0xbb, 0xbb, 0x87, 0xff, 0xff, 0xfb, 0x7f, 0xfb, 0xaa, 0x87, 0xff,
    0x30, 0x00, 0x7f, 0xf3, 0x00, 0x07, 0xff, 0x30, 0x00, 0x7f, 0xf3, 0x00,
    0x07, 0xff, 0x30, 0x00, 0x7f, 0xf3, 0x00, 0x07, 0xff, 0x30, 0x00, 0x7f,
    0xf3, 0x00, 0x07, 0xff, 0x30, 0x00, 0x7f, 0xf3, 0x00, 0x07, 0xff, 0x30,
    0x00, 0x7f, 0xf3, 0x00, 0x07, 0xff, 0x30, 0x00, 0x7f, 0xf3, 0x00, 0x07,
    0xff, 0x30, 0x00, 0x7f, 0xf3, 0x00, 0x07, 0xff, 0x30, 0x00, 0x7f, 0xf3,
    0x00, 0x07, 0xff, 0x30, 0x00, 0x7f, 0xf3, 0x00, 0x07, 0xff, 0x30, 0x00,
    0x7f, 0xf3, 0x00, 0x07, 0xff, 0x30, 0x00, 0x7f, 0xf4, 0x00, 0x07, 0xff,
    0xff, 0xfb, 0x7f, 0xff, 0xff, 0xb3, 0x55, 0x55, 0x54,

    /* U+005C "\" */
    0x16, 0x62, 0x00, 0x00, 0x00, 0x01, 0xff, 0x80, 0x00, 0x00, 0x00, 0x0c,
    0xfc, 0x00, 0x00, 0x00, 0x00, 0x8f, 0xf1, 0x00, 0x00, 0x00, 0x04, 0xff,
    0x50, 0x00, 0x00, 0x00, 0x0e, 0xf9, 0x00, 0x00, 0x00, 0x00, 0xbf, 0xd0,
    0x00, 0x00, 0x00, 0x07, 0xff, 0x20, 0x00, 0x00, 0x00, 0x2f, 0xf6, 0x00,
    0x00, 0x00, 0x00, 0xdf, 0xa0, 0x00, 0x00, 0x00, 0x09, 0xfe, 0x00, 0x00,
    0x00, 0x00, 0x5f, 0xf4, 0x00, 0x00, 0x00, 0x01, 0xff, 0x80, 0x00, 0x00,
    0x00, 0x0c, 0xfc, 0x00, 0x00, 0x00, 0x00, 0x8f, 0xf1, 0x00, 0x00, 0x00,
    0x04, 0xff, 0x50, 0x00, 0x00, 0x00, 0x1f, 0xf9, 0x00, 0x00, 0x00, 0x00,
    0xbf, 0xd0, 0x00, 0x00, 0x00, 0x07, 0xff, 0x20, 0x00, 0x00, 0x00, 0x3f,
    0xf6, 0x00, 0x00, 0x00, 0x00, 0xef, 0xa0, 0x00, 0x00, 0x00, 0x0a, 0xfe,
    0x00, 0x00, 0x00, 0x00, 0x6f, 0xf3, 0x00, 0x00, 0x00, 0x02, 0xff, 0x70,
    0x00, 0x00, 0x00, 0x0d, 0xfb, 0x00, 0x00, 0x00, 0x00, 0x9f, 0xf1, 0x00,
    0x00, 0x00, 0x05, 0xff, 0x40, 0x00, 0x00, 0x00, 0x1f, 0xf8, 0x00, 0x00,
    0x00, 0x00, 0x68, 0x60,

    /* U+005D "]" */
    0x1b, 0xbb, 0xbb, 0xb1, 0x1f, 0xff, 0xff, 0xf2, 0x1a, 0xaa, 0xdf, 0xf2,
    0x00, 0x00, 0x8f, 0xf2, 0x00, 0x00, 0x8f, 0xf2, 0x00, 0x00, 0x8f, 0xf2,
    0x00, 0x00, 0x8f, 0xf2, 0x00, 0x00, 0x8f, 0xf2, 0x00, 0x00, 0x8f, 0xf2,
    0x00, 0x00, 0x8f, 0xf2, 0x00, 0x00, 0x8f, 0xf2, 0x00, 0x00, 0x8f, 0xf2,
    0x00, 0x00, 0x8f, 0xf2, 0x00, 0x00, 0x8f, 0xf2, 0x00, 0x00, 0x8f, 0xf2,
    0x00, 0x00, 0x8f, 0xf2, 0x00, 0x00, 0x8f, 0xf2, 0x00, 0x00, 0x8f, 0xf2,
    0x00, 0x00, 0x8f, 0xf2, 0x00, 0x00, 0x8f, 0xf2, 0x00, 0x00, 0x8f, 0xf2,
    0x00, 0x00, 0x8f, 0xf2, 0x00, 0x00, 0x8f, 0xf2, 0x00, 0x00, 0x8f, 0xf2,
    0x00, 0x00, 0x8f, 0xf2, 0x00, 0x00, 0x8f, 0xf2, 0x00, 0x00, 0x8f, 0xf2,
    0x1f, 0xff, 0xff, 0xf2, 0x1f, 0xff, 0xff, 0xf2, 0x05, 0x55, 0x55, 0x51,

    /* U+005E "^" */
    0x00, 0x00, 0x18, 0x88, 0x20, 0x00, 0x00, 0x00, 0x08, 0xff, 0xf9, 0x00,
    0x00, 0x00, 0x01, 0xef, 0xff, 0xf2, 0x00, 0x00, 0x00, 0x7f, 0xf4, 0xff,
    0x80, 0x00, 0x00, 0x1e, 0xfb, 0x0a, 0xfe, 0x10, 0x00, 0x07, 0xff, 0x40,
    0x3f, 0xf8, 0x00, 0x00, 0xdf, 0xc0, 0x00, 0xbf, 0xe1, 0x00, 0x6f, 0xf5,
    0x00, 0x04, 0xff, 0x70, 0x0d, 0xfd, 0x00, 0x00, 0x0c, 0xfe, 0x05, 0xff,
    0x60, 0x00, 0x00, 0x5f, 0xf6, 0x34, 0x41, 0x00, 0x00, 0x00, 0x44, 0x30,

    /* U+005F "_" */
    0xff, 0xff, 0xff, 0xff, 0xff, 0xff, 0xff, 0x9f, 0xff, 0xff, 0xff, 0xff,
    0xff, 0xff, 0xf9, 0x99, 0x99, 0x99, 0x99, 0x99, 0x99, 0x99, 0x50,

    /* U+0060 "`" */
    0x35, 0x53, 0x00, 0x2e, 0xfd, 0x00, 0x07, 0xff, 0x50, 0x00, 0xcf, 0xc0,
    0x00, 0x2f, 0xf5, 0x00, 0x03, 0x42,

    /* U+0061 "a" */
    0x00, 0x00, 0x15, 0x8a, 0x98, 0x50, 0x00, 0x00, 0x00, 0x8f, 0xff, 0xff,
    0xff, 0xe5, 0x00, 0x01, 0xbf, 0xff, 0xec, 0xce, 0xff, 0xf5, 0x00, 0x8f,
    0xfe, 0x60, 0x00, 0x18, 0xff, 0xd0, 0x09, 0xef, 0x30, 0x00, 0x00, 0x0a,
    0xff, 0x40, 0x00, 0x30, 0x00, 0x00, 0x00, 0x6f, 0xf6, 0x00, 0x00, 0x00,
    0x00, 0x00, 0x06, 0xff, 0x70, 0x00, 0x00, 0x00, 0x24, 0x69, 0xef, 0xf8,
    0x00, 0x04, 0x9c, 0xff, 0xff, 0xff, 0xff, 0x80, 0x2c, 0xff, 0xff, 0xff,
    0xeb, 0xaf, 0xf8, 0x0d, 0xff, 0xe9, 0x63, 0x10, 0x05, 0xff, 0x85, 0xff,
    0xd1, 0x00, 0x00, 0x00, 0x5f, 0xf8, 0x8f, 0xf5, 0x00, 0x00, 0x00, 0x06,
    0xff, 0x88, 0xff, 0x40, 0x00, 0x00, 0x00, 0xcf, 0xf8, 0x6f, 0xf9, 0x00,
    0x00, 0x00, 0x8f, 0xff, 0x81, 0xef, 0xfa, 0x42, 0x25, 0xbf, 0xdf, 0xf8,
    0x05, 0xff, 0xff, 0xff, 0xff, 0xd5, 0xff, 0x80, 0x04, 0xcf, 0xff, 0xff,
    0xa1, 0x4f, 0xf8, 0x00, 0x00, 0x25, 0x65, 0x10, 0x00, 0x00, 0x00,

    /* U+0062 "b" */
    0x24, 0x41, 0x00, 0x00, 0x00, 0x00, 0x00, 0x00, 0x8f, 0xf4, 0x00, 0x00,
    0x00, 0x00, 0x00, 0x00, 0x8f, 0xf4, 0x00, 0x00, 0x00, 0x00, 0x00, 0x00,
    0x8f, 0xf4, 0x00, 0x00, 0x00, 0x00, 0x00, 0x00, 0x8f, 0xf4, 0x00, 0x00,
    0x00, 0x00, 0x00, 0x00, 0x8f, 0xf4, 0x00, 0x00, 0x00, 0x00, 0x00, 0x00,
    0x8f, 0xf4, 0x00, 0x59, 0xa9, 0x61, 0x00, 0x00, 0x8f, 0xf4, 0x2d, 0xff,
    0xff, 0xff, 0x70, 0x00, 0x8f, 0xf5, 0xdf, 0xfe, 0xdf, 0xff, 0xf9, 0x00,
    0x8f, 0xfd, 0xfa, 0x20, 0x01, 0x7f, 0xff, 0x60, 0x8f, 0xff, 0xa0, 0x00,
    0x00, 0x05, 0xff, 0xe1, 0x8f, 0xfe, 0x10, 0x00, 0x00, 0x00, 0xbf, 0xf5,
    0x8f, 0xfa, 0x00, 0x00, 0x00, 0x00, 0x5f, 0xfa, 0x8f, 0xf6, 0x00, 0x00,
    0x00, 0x00, 0x1f, 0xfc, 0x8f, 0xf5, 0x00, 0x00, 0x00, 0x00, 0x0e, 0xfd,
    0x8f, 0xf4, 0x00, 0x00, 0x00, 0x00, 0x0e, 0xfe, 0x8f, 0xf5, 0x00, 0x00,
    0x00, 0x00, 0x0f, 0xfd, 0x8f, 0xf7, 0x00, 0x00, 0x00, 0x00, 0x2f, 0xfc,
    0x8f, 0xfc, 0x00, 0x00, 0x00, 0x00, 0x7f, 0xf8, 0x8f, 0xff, 0x30, 0x00,
    0x00, 0x00, 0xdf, 0xf3, 0x8f, 0xff, 0xd1, 0x00, 0x00, 0x0a, 0xff, 0xc0,
    0x8f, 0xf9, 0xfe, 0x73, 0x35, 0xcf, 0xff, 0x30, 0x8f, 0xf3, 0xaf, 0xff,
    0xff, 0xff, 0xe5, 0x00, 0x8f, 0xf3, 0x08, 0xff, 0xff, 0xfb, 0x30, 0x00,
    0x00, 0x00, 0x00, 0x14, 0x55, 0x20, 0x00, 0x00,

    /* U+0063 "c" */
    0x00, 0x00, 0x02, 0x69, 0xa9, 0x72, 0x00, 0x00, 0x00, 0x00, 0x9f, 0xff,
    0xff, 0xff, 0xa2, 0x00, 0x00, 0x1b, 0xff, 0xff, 0xde, 0xff, 0xfe, 0x20,
    0x00, 0xaf, 0xfd, 0x50, 0x00, 0x4c, 0xff, 0xd0, 0x04, 0xff, 0xd2, 0x00,
    0x00, 0x01, 0xcf, 0xf6, 0x0a, 0xff, 0x50, 0x00, 0x00, 0x00, 0x4b, 0x72,
    0x1f, 0xfe, 0x00, 0x00, 0x00, 0x00, 0x00, 0x00, 0x3f, 0xfa, 0x00, 0x00,
    0x00, 0x00, 0x00, 0x00, 0x4f, 0xf8, 0x00, 0x00, 0x00, 0x00, 0x00, 0x00,
    0x5f, 0xf8, 0x00, 0x00, 0x00, 0x00, 0x00, 0x00, 0x4f, 0xf9, 0x00, 0x00,
    0x00, 0x00, 0x00, 0x00, 0x2f, 0xfb, 0x00, 0x00, 0x00, 0x00, 0x00, 0x00,
    0x0e, 0xff, 0x10, 0x00, 0x00, 0x00, 0x03, 0x00, 0x09, 0xff, 0x80, 0x00,
    0x00, 0x00, 0x5f, 0xe6, 0x02, 0xef, 0xf4, 0x00, 0x00, 0x02, 0xef, 0xf4,
    0x00, 0x7f, 0xff, 0x94, 0x34, 0x8e, 0xff, 0xa0, 0x00, 0x07, 0xff, 0xff,
    0xff, 0xff, 0xfb, 0x10, 0x00, 0x00, 0x4c, 0xff, 0xff, 0xfd, 0x60, 0x00,
    0x00, 0x00, 0x00, 0x24, 0x55, 0x20, 0x00, 0x00,

    /* U+0064 "d" */
    0x00, 0x00, 0x00, 0x00, 0x00, 0x00, 0x03, 0x44, 0x10, 0x00, 0x00, 0x00,
    0x00, 0x00, 0x00, 0xaf, 0xf2, 0x00, 0x00, 0x00, 0x00, 0x00, 0x00, 0x0a,
    0xff, 0x20, 0x00, 0x00, 0x00, 0x00, 0x00, 0x00, 0xaf, 0xf2, 0x00, 0x00,
    0x00, 0x00, 0x00, 0x00, 0x0a, 0xff, 0x20, 0x00, 0x00, 0x00, 0x00, 0x00,
    0x00, 0xaf, 0xf2, 0x00, 0x00, 0x04, 0x8a, 0xa8, 0x30, 0x0a, 0xff, 0x20,
    0x00, 0x2b, 0xff, 0xff, 0xff, 0x90, 0xaf, 0xf2, 0x00, 0x2d, 0xff, 0xfe,
    0xdf, 0xff, 0x8a, 0xff, 0x20, 0x0c, 0xff, 0xc4, 0x00, 0x05, 0xdf, 0xef,
    0xf2, 0x06, 0xff, 0xd1, 0x00, 0x00, 0x02, 0xef, 0xff, 0x20, 0xbf, 0xf4,
    0x00, 0x00, 0x00, 0x07, 0xff, 0xf2, 0x1f, 0xfe, 0x00, 0x00, 0x00, 0x00,
    0x1f, 0xff, 0x23, 0xff, 0xa0, 0x00, 0x00, 0x00, 0x00, 0xcf, 0xf2, 0x5f,
    0xf8, 0x00, 0x00, 0x00, 0x00, 0x0b, 0xff, 0x25, 0xff, 0x80, 0x00, 0x00,
    0x00, 0x00, 0xaf, 0xf2, 0x4f, 0xf9, 0x00, 0x00, 0x00, 0x00, 0x0b, 0xff,
    0x23, 0xff, 0xb0, 0x00, 0x00, 0x00, 0x00, 0xef, 0xf2, 0x0e, 0xff, 0x10,
    0x00, 0x00, 0x00, 0x3f, 0xff, 0x20, 0xaf, 0xf7, 0x00, 0x00, 0x00, 0x0a,
    0xff, 0xf2, 0x03, 0xff, 0xf4, 0x00, 0x00, 0x06, 0xff, 0xff, 0x20, 0x09,
    0xff, 0xf9, 0x43, 0x4a, 0xfe, 0xbf, 0xf2, 0x00, 0x0a, 0xff, 0xff, 0xff,
    0xff, 0x49, 0xff, 0x20, 0x00, 0x07, 0xef, 0xff, 0xfd, 0x40, 0x9f, 0xf2,
    0x00, 0x00, 0x00, 0x35, 0x53, 0x00, 0x00, 0x00, 0x00,

    /* U+0065 "e" */
    0x00, 0x00, 0x02, 0x79, 0xa9, 0x62, 0x00, 0x00, 0x00, 0x00, 0x09, 0xff,
    0xff, 0xff, 0xf9, 0x10, 0x00, 0x00, 0x1c, 0xff, 0xfe, 0xde, 0xff, 0xfc,
    0x10, 0x00, 0x0a, 0xff, 0xc4, 0x00, 0x04, 0xdf, 0xfa, 0x00, 0x04, 0xff,
    0xc1, 0x00, 0x00, 0x01, 0xdf, 0xf3, 0x00, 0xaf, 0xf2, 0x00, 0x00, 0x00,
    0x06, 0xff, 0x90, 0x1e, 0xfb, 0x00, 0x00, 0x00, 0x00, 0x1f, 0xfd, 0x03,
    0xff, 0xb2, 0x22, 0x22, 0x22, 0x22, 0xff, 0xf0, 0x4f, 0xff, 0xff, 0xff,
    0xff, 0xff, 0xff, 0xff, 0x15, 0xff, 0xff, 0xff, 0xff, 0xff, 0xff, 0xff,
    0xf1, 0x4f, 0xfb, 0x33, 0x33, 0x33, 0x33, 0x33, 0x33, 0x03, 0xff, 0xa0,
    0x00, 0x00, 0x00, 0x00, 0x00, 0x00, 0x0e, 0xfe, 0x00, 0x00, 0x00, 0x00,
    0x00, 0x00, 0x00, 0x9f, 0xf6, 0x00, 0x00, 0x00, 0x01, 0xa6, 0x20, 0x02,
    0xff, 0xe4, 0x00, 0x00, 0x00, 0xaf, 0xf8, 0x00, 0x07, 0xff, 0xf9, 0x42,
    0x36, 0xcf, 0xfe, 0x10, 0x00, 0x07, 0xff, 0xff, 0xff, 0xff, 0xfe, 0x30,
    0x00, 0x00, 0x04, 0xbf, 0xff, 0xff, 0xe9, 0x10, 0x00, 0x00, 0x00, 0x00,
    0x14, 0x55, 0x30, 0x00, 0x00, 0x00,

    /* U+0066 "f" */
    0x00, 0x00, 0x00, 0x03, 0x55, 0x20, 0x00, 0x00, 0x05, 0xdf, 0xff, 0xf3,
    0x00, 0x00, 0x5f, 0xff, 0xff, 0xd0, 0x00, 0x00, 0xef, 0xfa, 0x54, 0x40,
    0x00, 0x02, 0xff, 0xd0, 0x00, 0x00, 0x00, 0x04, 0xff, 0x90, 0x00, 0x00,
    0x00, 0x04, 0xff, 0x80, 0x00, 0x00, 0x57, 0x7b, 0xff, 0xf7, 0x77, 0x40,
    0xaf, 0xff, 0xff, 0xff, 0xff, 0x90, 0xae, 0xef, 0xff, 0xfe, 0xee, 0x80,
    0x00, 0x04, 0xff, 0x80, 0x00, 0x00, 0x00, 0x04, 0xff, 0x80, 0x00, 0x00,
    0x00, 0x04, 0xff, 0x80, 0x00, 0x00, 0x00, 0x04, 0xff, 0x80, 0x00, 0x00,
    0x00, 0x04, 0xff, 0x80, 0x00, 0x00, 0x00, 0x04, 0xff, 0x80, 0x00, 0x00,
    0x00, 0x04, 0xff, 0x80, 0x00, 0x00, 0x00, 0x04, 0xff, 0x80, 0x00, 0x00,
    0x00, 0x04, 0xff, 0x80, 0x00, 0x00, 0x00, 0x04, 0xff, 0x80, 0x00, 0x00,
    0x00, 0x04, 0xff, 0x80, 0x00, 0x00, 0x00, 0x04, 0xff, 0x80, 0x00, 0x00,
    0x00, 0x04, 0xff, 0x80, 0x00, 0x00, 0x00, 0x04, 0xff, 0x80, 0x00, 0x00,
    0x00, 0x04, 0xff, 0x80, 0x00, 0x00,

    /* U+0067 "g" */
    0x00, 0x00, 0x03, 0x8a, 0xa8, 0x30, 0x04, 0x77, 0x10, 0x00, 0x1b, 0xff,
    0xff, 0xff, 0x90, 0x9f, 0xf2, 0x00, 0x2d, 0xff, 0xfe, 0xdf, 0xff, 0x89,
    0xff, 0x20, 0x0c, 0xff, 0xd4, 0x00, 0x05, 0xdf, 0xdf, 0xf2, 0x06, 0xff,
    0xd1, 0x00, 0x00, 0x02, 0xdf, 0xff, 0x20, 0xbf, 0xf4, 0x00, 0x00, 0x00,
    0x06, 0xff, 0xf2, 0x1f, 0xfd, 0x00, 0x00, 0x00, 0x00, 0x1f, 0xff, 0x23,
    0xff, 0xa0, 0x00, 0x00, 0x00, 0x00, 0xcf, 0xf2, 0x5f, 0xf8, 0x00, 0x00,
    0x00, 0x00, 0x0a, 0xff, 0x25, 0xff, 0x80, 0x00, 0x00, 0x00, 0x00, 0xaf,
    0xf2, 0x4f, 0xf9, 0x00, 0x00, 0x00, 0x00, 0x0b, 0xff, 0x22, 0xff, 0xc0,
    0x00, 0x00, 0x00, 0x00, 0xef, 0xf2, 0x0d, 0xff, 0x30, 0x00, 0x00, 0x00,
    0x4f, 0xff, 0x20, 0x8f, 0xfb, 0x00, 0x00, 0x00, 0x1c, 0xff, 0xf2, 0x01,
    0xdf, 0xfb, 0x30, 0x00, 0x3c, 0xfe, 0xff, 0x20, 0x04, 0xef, 0xff, 0xec,
    0xef, 0xf9, 0xaf, 0xf2, 0x00, 0x03, 0xcf, 0xff, 0xff, 0xfa, 0x0a, 0xff,
    0x20, 0x00, 0x00, 0x48, 0xaa, 0x84, 0x00, 0xaf, 0xf2, 0x00, 0x00, 0x00,
    0x00, 0x00, 0x00, 0x0a, 0xff, 0x20, 0x00, 0x00, 0x00, 0x00, 0x00, 0x00,
    0xcf, 0xf1, 0x00, 0x6d, 0x30, 0x00, 0x00, 0x00, 0x3f, 0xfd, 0x00, 0x6f,
    0xfe, 0x40, 0x00, 0x00, 0x5e, 0xff, 0x70, 0x00, 0xbf, 0xff, 0xd9, 0x9a,
    0xdf, 0xff, 0xb1, 0x00, 0x00, 0x8f, 0xff, 0xff, 0xff, 0xff, 0x91, 0x00,
    0x00, 0x00, 0x27, 0xbd, 0xdc, 0xb7, 0x20, 0x00, 0x00,

    /* U+0068 "h" */
    0x24, 0x41, 0x00, 0x00, 0x00, 0x00, 0x00, 0x08, 0xff, 0x40, 0x00, 0x00,
    0x00, 0x00, 0x00, 0x8f, 0xf4, 0x00, 0x00, 0x00, 0x00, 0x00, 0x08, 0xff,
    0x40, 0x00, 0x00, 0x00, 0x00, 0x00, 0x8f, 0xf4, 0x00, 0x00, 0x00, 0x00,
    0x00, 0x08, 0xff, 0x40, 0x00, 0x00, 0x00, 0x00, 0x00, 0x8f, 0xf4, 0x00,
    0x59, 0xa9, 0x61, 0x00, 0x08, 0xff, 0x43, 0xdf, 0xff, 0xff, 0xe4, 0x00,
    0x8f, 0xf6, 0xef, 0xfd, 0xef, 0xff, 0xf3, 0x08, 0xff, 0xee, 0x61, 0x00,
    0x4d, 0xff, 0xc0, 0x8f, 0xff, 0x40, 0x00, 0x00, 0x2e, 0xff, 0x28, 0xff,
    0xa0, 0x00, 0x00, 0x00, 0x9f, 0xf5, 0x8f, 0xf6, 0x00, 0x00, 0x00, 0x06,
    0xff, 0x68, 0xff, 0x40, 0x00, 0x00, 0x00, 0x6f, 0xf7, 0x8f, 0xf4, 0x00,
    0x00, 0x00, 0x06, 0xff, 0x78, 0xff, 0x40, 0x00, 0x00, 0x00, 0x6f, 0xf7,
    0x8f, 0xf4, 0x00, 0x00, 0x00, 0x06, 0xff, 0x78, 0xff, 0x40, 0x00, 0x00,
    0x00, 0x6f, 0xf7, 0x8f, 0xf4, 0x00, 0x00, 0x00, 0x06, 0xff, 0x78, 0xff,
    0x40, 0x00, 0x00, 0x00, 0x6f, 0xf7, 0x8f, 0xf4, 0x00, 0x00, 0x00, 0x06,
    0xff, 0x78, 0xff, 0x40, 0x00, 0x00, 0x00, 0x6f, 0xf7, 0x8f, 0xf4, 0x00,
    0x00, 0x00, 0x06, 0xff, 0x78, 0xff, 0x40, 0x00, 0x00, 0x00, 0x6f, 0xf7,

    /* U+0069 "i" */
    0x00, 0x00, 0x00, 0x6e, 0xe4, 0x0f, 0xff, 0xc0, 0xdf, 0xfa, 0x02, 0x98,
    0x10, 0x00, 0x00, 0x00, 0x00, 0x00, 0x47, 0x72, 0x08, 0xff, 0x40, 0x8f,
    0xf4, 0x08, 0xff, 0x40, 0x8f, 0xf4, 0x08, 0xff, 0x40, 0x8f, 0xf4, 0x08,
    0xff, 0x40, 0x8f, 0xf4, 0x08, 0xff, 0x40, 0x8f, 0xf4, 0x08, 0xff, 0x40,
    0x8f, 0xf4, 0x08, 0xff, 0x40, 0x8f, 0xf4, 0x08, 0xff, 0x40, 0x8f, 0xf4,
    0x08, 0xff, 0x40,

    /* U+006A "j" */
    0x00, 0x00, 0x00, 0x00, 0x00, 0x6e, 0xe4, 0x00, 0x0f, 0xff, 0xc0, 0x00,
    0xdf, 0xfa, 0x00, 0x02, 0x98, 0x10, 0x00, 0x00, 0x00, 0x00, 0x00, 0x00,
    0x00, 0x00, 0x47, 0x72, 0x00, 0x08, 0xff, 0x40, 0x00, 0x8f, 0xf4, 0x00,
    0x08, 0xff, 0x40, 0x00, 0x8f, 0xf4, 0x00, 0x08, 0xff, 0x40, 0x00, 0x8f,
    0xf4, 0x00, 0x08, 0xff, 0x40, 0x00, 0x8f, 0xf4, 0x00, 0x08, 0xff, 0x40,
    0x00, 0x8f, 0xf4, 0x00, 0x08, 0xff, 0x40, 0x00, 0x8f, 0xf4, 0x00, 0x08,
    0xff, 0x40, 0x00, 0x8f, 0xf4, 0x00, 0x08, 0xff, 0x40, 0x00, 0x8f, 0xf4,
    0x00, 0x08, 0xff, 0x40, 0x00, 0x8f, 0xf4, 0x00, 0x09, 0xff, 0x40, 0x00,
    0xcf, 0xf2, 0x02, 0x7f, 0xfe, 0x06, 0xff, 0xff, 0x70, 0x6f, 0xff, 0x80,
    0x03, 0x76, 0x10, 0x00,

    /* U+006B "k" */
    0x24, 0x41, 0x00, 0x00, 0x00, 0x00, 0x00, 0x00, 0x8f, 0xf4, 0x00, 0x00,
    0x00, 0x00, 0x00, 0x00, 0x8f, 0xf4, 0x00, 0x00, 0x00, 0x00, 0x00, 0x00,
    0x8f, 0xf4, 0x00, 0x00, 0x00, 0x00, 0x00, 0x00, 0x8f, 0xf4, 0x00, 0x00,
    0x00, 0x00, 0x00, 0x00, 0x8f, 0xf4, 0x00, 0x00, 0x00, 0x00, 0x00, 0x00,
    0x8f, 0xf4, 0x00, 0x00, 0x00, 0x17, 0x77, 0x20, 0x8f, 0xf4, 0x00, 0x00,
    0x01, 0xcf, 0xf9, 0x00, 0x8f, 0xf4, 0x00, 0x00, 0x1c, 0xff, 0xa0, 0x00,
    0x8f, 0xf4, 0x00, 0x01, 0xbf, 0xfa, 0x00, 0x00, 0x8f, 0xf4, 0x00, 0x0b,
    0xff, 0xa0, 0x00, 0x00, 0x8f, 0xf4, 0x00, 0xbf, 0xfb, 0x00, 0x00, 0x00,
    0x8f, 0xf4, 0x0a, 0xff, 0xb0, 0x00, 0x00, 0x00, 0x8f, 0xf4, 0xaf, 0xfc,
    0x10, 0x00, 0x00, 0x00, 0x8f, 0xff, 0xff, 0xfa, 0x00, 0x00, 0x00, 0x00,
    0x8f, 0xff, 0xff, 0xff, 0x60, 0x00, 0x00, 0x00, 0x8f, 0xff, 0x65, 0xff,
    0xf4, 0x00, 0x00, 0x00, 0x8f, 0xf8, 0x00, 0x9f, 0xfe, 0x10, 0x00, 0x00,
    0x8f, 0xf4, 0x00, 0x0c, 0xff, 0xc0, 0x00, 0x00, 0x8f, 0xf4, 0x00, 0x01,
    0xef, 0xf9, 0x00, 0x00, 0x8f, 0xf4, 0x00, 0x00, 0x4f, 0xff, 0x50, 0x00,
    0x8f, 0xf4, 0x00, 0x00, 0x07, 0xff, 0xe3, 0x00, 0x8f, 0xf4, 0x00, 0x00,
    0x00, 0xaf, 0xfd, 0x10, 0x8f, 0xf4, 0x00, 0x00, 0x00, 0x1c, 0xff, 0xb0,

    /* U+006C "l" */
    0x24, 0x41, 0x8f, 0xf4, 0x8f, 0xf4, 0x8f, 0xf4, 0x8f, 0xf4, 0x8f, 0xf4,
    0x8f, 0xf4, 0x8f, 0xf4, 0x8f, 0xf4, 0x8f, 0xf4, 0x8f, 0xf4, 0x8f, 0xf4,
    0x8f, 0xf4, 0x8f, 0xf4, 0x8f, 0xf4, 0x8f, 0xf4, 0x8f, 0xf4, 0x8f, 0xf4,
    0x8f, 0xf4, 0x8f, 0xf4, 0x8f, 0xf4, 0x8f, 0xf4, 0x8f, 0xf4, 0x8f, 0xf4,

    /* U+006D "m" */
    0x47, 0x71, 0x01, 0x7b, 0xb9, 0x20, 0x00, 0x04, 0x9b, 0xb9, 0x40, 0x00,
    0x8f, 0xf3, 0x4e, 0xff, 0xff, 0xe4, 0x01, 0xaf, 0xff, 0xff, 0xf9, 0x00,
    0x8f, 0xf6, 0xff, 0xdd, 0xff, 0xfe, 0x1b, 0xff, 0xdc, 0xff, 0xff, 0x80,
    0x8f, 0xfd, 0xc3, 0x00, 0x19, 0xff, 0xbf, 0xc2, 0x00, 0x18, 0xff, 0xf1,
    0x8f, 0xff, 0x10, 0x00, 0x00, 0xcf, 0xfe, 0x10, 0x00, 0x00, 0x9f, 0xf6,
    0x8f, 0xf8, 0x00, 0x00, 0x00, 0x7f, 0xf9, 0x00, 0x00, 0x00, 0x5f, 0xf7,
    0x8f, 0xf5, 0x00, 0x00, 0x00, 0x6f, 0xf7, 0x00, 0x00, 0x00, 0x4f, 0xf8,
    0x8f, 0xf4, 0x00, 0x00, 0x00, 0x6f, 0xf6, 0x00, 0x00, 0x00, 0x4f, 0xf8,
    0x8f, 0xf4, 0x00, 0x00, 0x00, 0x6f, 0xf6, 0x00, 0x00, 0x00, 0x4f, 0xf8,
    0x8f, 0xf4, 0x00, 0x00, 0x00, 0x6f, 0xf6, 0x00, 0x00, 0x00, 0x4f, 0xf8,
    0x8f, 0xf4, 0x00, 0x00, 0x00, 0x6f, 0xf6, 0x00, 0x00, 0x00, 0x4f, 0xf8,
    0x8f, 0xf4, 0x00, 0x00, 0x00, 0x6f, 0xf6, 0x00, 0x00, 0x00, 0x4f, 0xf8,
    0x8f, 0xf4, 0x00, 0x00, 0x00, 0x6f, 0xf6, 0x00, 0x00, 0x00, 0x4f, 0xf8,
    0x8f, 0xf4, 0x00, 0x00, 0x00, 0x6f, 0xf6, 0x00, 0x00, 0x00, 0x4f, 0xf8,
    0x8f, 0xf4, 0x00, 0x00, 0x00, 0x6f, 0xf6, 0x00, 0x00, 0x00, 0x4f, 0xf8,
    0x8f, 0xf4, 0x00, 0x00, 0x00, 0x6f, 0xf6, 0x00, 0x00, 0x00, 0x4f, 0xf8,
    0x8f, 0xf4, 0x00, 0x00, 0x00, 0x6f, 0xf6, 0x00, 0x00, 0x00, 0x4f, 0xf8,
    0x8f, 0xf4, 0x00, 0x00, 0x00, 0x6f, 0xf6, 0x00, 0x00, 0x00, 0x4f, 0xf8,

    /* U+006E "n" */
    0x47, 0x71, 0x00, 0x59, 0xa9, 0x61, 0x00, 0x08, 0xff, 0x33, 0xdf, 0xff,
    0xff, 0xe4, 0x00, 0x8f, 0xf5, 0xef, 0xfd, 0xef, 0xff, 0xf3, 0x08, 0xff,
    0xde, 0x61, 0x00, 0x4d, 0xff, 0xc0, 0x8f, 0xff, 0x40, 0x00, 0x00, 0x2e,
    0xff, 0x28, 0xff, 0xa0, 0x00, 0x00, 0x00, 0x9f, 0xf5, 0x8f, 0xf6, 0x00,
    0x00, 0x00, 0x06, 0xff, 0x68, 0xff, 0x40, 0x00, 0x00, 0x00, 0x6f, 0xf7,
    0x8f, 0xf4, 0x00, 0x00, 0x00, 0x06, 0xff, 0x78, 0xff, 0x40, 0x00, 0x00,
    0x00, 0x6f, 0xf7, 0x8f, 0xf4, 0x00, 0x00, 0x00, 0x06, 0xff, 0x78, 0xff,
    0x40, 0x00, 0x00, 0x00, 0x6f, 0xf7, 0x8f, 0xf4, 0x00, 0x00, 0x00, 0x06,
    0xff, 0x78, 0xff, 0x40, 0x00, 0x00, 0x00, 0x6f, 0xf7, 0x8f, 0xf4, 0x00,
    0x00, 0x00, 0x06, 0xff, 0x78, 0xff, 0x40, 0x00, 0x00, 0x00, 0x6f, 0xf7,
    0x8f, 0xf4, 0x00, 0x00, 0x00, 0x06, 0xff, 0x78, 0xff, 0x40, 0x00, 0x00,
    0x00, 0x6f, 0xf7,

    /* U+006F "o" */
    0x00, 0x00, 0x02, 0x69, 0xa9, 0x72, 0x00, 0x00, 0x00, 0x00, 0x09, 0xff,
    0xff, 0xff, 0xfa, 0x10, 0x00, 0x00, 0x1b, 0xff, 0xff, 0xde, 0xff, 0xfd,
    0x20, 0x00, 0x0a, 0xff, 0xd5, 0x00, 0x03, 0xcf, 0xfc, 0x00, 0x04, 0xff,
    0xd2, 0x00, 0x00, 0x01, 0xcf, 0xf7, 0x00, 0xaf, 0xf5, 0x00, 0x00, 0x00,
    0x03, 0xff, 0xd0, 0x1f, 0xfe, 0x00, 0x00, 0x00, 0x00, 0x0b, 0xff, 0x33,
    0xff, 0xa0, 0x00, 0x00, 0x00, 0x00, 0x7f, 0xf6, 0x4f, 0xf8, 0x00, 0x00,
    0x00, 0x00, 0x05, 0xff, 0x75, 0xff, 0x80, 0x00, 0x00, 0x00, 0x00, 0x5f,
    0xf8, 0x4f, 0xf9, 0x00, 0x00, 0x00, 0x00, 0x06, 0xff, 0x72, 0xff, 0xb0,
    0x00, 0x00, 0x00, 0x00, 0x8f, 0xf5, 0x0e, 0xff, 0x10, 0x00, 0x00, 0x00,
    0x0c, 0xff, 0x20, 0x9f, 0xf8, 0x00, 0x00, 0x00, 0x05, 0xff, 0xb0, 0x02,
    0xef, 0xf4, 0x00, 0x00, 0x02, 0xef, 0xf4, 0x00, 0x07, 0xff, 0xf9, 0x43,
    0x48, 0xef, 0xf9, 0x00, 0x00, 0x07, 0xff, 0xff, 0xff, 0xff, 0xf9, 0x00,
    0x00, 0x00, 0x04, 0xcf, 0xff, 0xff, 0xd6, 0x00, 0x00, 0x00, 0x00, 0x00,
    0x24, 0x55, 0x20, 0x00, 0x00, 0x00,

    /* U+0070 "p" */
    0x47, 0x71, 0x00, 0x59, 0xa9, 0x61, 0x00, 0x00, 0x8f, 0xf3, 0x2d, 0xff,
    0xff, 0xff, 0x70, 0x00, 0x8f, 0xf4, 0xdf, 0xfe, 0xdf, 0xff, 0xf9, 0x00,
    0x8f, 0xfd, 0xfa, 0x20, 0x01, 0x7f, 0xff, 0x60, 0x8f, 0xff, 0xa0, 0x00,
    0x00, 0x05, 0xff, 0xe1, 0x8f, 0xfe, 0x10, 0x00, 0x00, 0x00, 0xbf, 0xf5,
    0x8f, 0xfa, 0x00, 0x00, 0x00, 0x00, 0x5f, 0xfa, 0x8f, 0xf6, 0x00, 0x00,
    0x00, 0x00, 0x1f, 0xfc, 0x8f, 0xf5, 0x00, 0x00, 0x00, 0x00, 0x0e, 0xfd,
    0x8f, 0xf4, 0x00, 0x00, 0x00, 0x00, 0x0e, 0xfe, 0x8f, 0xf5, 0x00, 0x00,
    0x00, 0x00, 0x0f, 0xfd, 0x8f, 0xf7, 0x00, 0x00, 0x00, 0x00, 0x2f, 0xfc,
    0x8f, 0xfc, 0x00, 0x00, 0x00, 0x00, 0x7f, 0xf8, 0x8f, 0xff, 0x30, 0x00,
    0x00, 0x00, 0xdf, 0xf3, 0x8f, 0xff, 0xd1, 0x00, 0x00, 0x0a, 0xff, 0xc0,
    0x8f, 0xfa, 0xfe, 0x73, 0x35, 0xcf, 0xff, 0x30, 0x8f, 0xf4, 0xaf, 0xff,
    0xff, 0xff, 0xe5, 0x00, 0x8f, 0xf4, 0x08, 0xff, 0xff, 0xfb, 0x30, 0x00,
    0x8f, 0xf4, 0x00, 0x14, 0x55, 0x20, 0x00, 0x00, 0x8f, 0xf4, 0x00, 0x00,
    0x00, 0x00, 0x00, 0x00, 0x8f, 0xf4, 0x00, 0x00, 0x00, 0x00, 0x00, 0x00,
    0x8f, 0xf4, 0x00, 0x00, 0x00, 0x00, 0x00, 0x00, 0x8f, 0xf4, 0x00, 0x00,
    0x00, 0x00, 0x00, 0x00, 0x8f, 0xf4, 0x00, 0x00, 0x00, 0x00, 0x00, 0x00,
    0x48, 0x82, 0x00, 0x00, 0x00, 0x00, 0x00, 0x00,

    /* U+0071 "q" */
    0x00, 0x00, 0x04, 0x8a, 0xa8, 0x30, 0x04, 0x77, 0x10, 0x00, 0x2b, 0xff,
    0xff, 0xff, 0x90, 0x9f, 0xf2, 0x00, 0x2d, 0xff, 0xfe, 0xdf, 0xff, 0x89,
    0xff, 0x20, 0x0c, 0xff, 0xc4, 0x00, 0x05, 0xdf, 0xdf, 0xf2, 0x06, 0xff,
    0xd1, 0x00, 0x00, 0x02, 0xef, 0xff, 0x20, 0xbf, 0xf4, 0x00, 0x00, 0x00,
    0x07, 0xff, 0xf2, 0x1f, 0xfe, 0x00, 0x00, 0x00, 0x00, 0x1f, 0xff, 0x23,
    0xff, 0xa0, 0x00, 0x00, 0x00, 0x00, 0xcf, 0xf2, 0x5f, 0xf8, 0x00, 0x00,
    0x00, 0x00, 0x0b, 0xff, 0x25, 0xff, 0x80, 0x00, 0x00, 0x00, 0x00, 0xaf,
    0xf2, 0x4f, 0xf9, 0x00, 0x00, 0x00, 0x00, 0x0b, 0xff, 0x23, 0xff, 0xb0,
    0x00, 0x00, 0x00, 0x00, 0xef, 0xf2, 0x0e, 0xff, 0x10, 0x00, 0x00, 0x00,
    0x3f, 0xff, 0x20, 0xaf, 0xf7, 0x00, 0x00, 0x00, 0x0a, 0xff, 0xf2, 0x03,
    0xff, 0xf4, 0x00, 0x00, 0x06, 0xff, 0xff, 0x20, 0x09, 0xff, 0xf9, 0x43,
    0x4a, 0xfe, 0xcf, 0xf2, 0x00, 0x0a, 0xff, 0xff, 0xff, 0xff, 0x4a, 0xff,
    0x20, 0x00, 0x07, 0xef, 0xff, 0xfd, 0x40, 0xaf, 0xf2, 0x00, 0x00, 0x00,
    0x35, 0x53, 0x00, 0x0a, 0xff, 0x20, 0x00, 0x00, 0x00, 0x00, 0x00, 0x00,
    0xaf, 0xf2, 0x00, 0x00, 0x00, 0x00, 0x00, 0x00, 0x0a, 0xff, 0x20, 0x00,
    0x00, 0x00, 0x00, 0x00, 0x00, 0xaf, 0xf2, 0x00, 0x00, 0x00, 0x00, 0x00,
    0x00, 0x0a, 0xff, 0x20, 0x00, 0x00, 0x00, 0x00, 0x00, 0x00, 0xaf, 0xf2,
    0x00, 0x00, 0x00, 0x00, 0x00, 0x00, 0x05, 0x88, 0x10,

    /* U+0072 "r" */
    0x47, 0x71, 0x02, 0x7a, 0xb3, 0x8f, 0xf3, 0x6f, 0xff, 0xf5, 0x8f, 0xf6,
    0xff, 0xff, 0xf5, 0x8f, 0xfe, 0xf8, 0x20, 0x11, 0x8f, 0xff, 0x40, 0x00,
    0x00, 0x8f, 0xf9, 0x00, 0x00, 0x00, 0x8f, 0xf5, 0x00, 0x00, 0x00, 0x8f,
    0xf4, 0x00, 0x00, 0x00, 0x8f, 0xf4, 0x00, 0x00, 0x00, 0x8f, 0xf4, 0x00,
    0x00, 0x00, 0x8f, 0xf4, 0x00, 0x00, 0x00, 0x8f, 0xf4, 0x00, 0x00, 0x00,
    0x8f, 0xf4, 0x00, 0x00, 0x00, 0x8f, 0xf4, 0x00, 0x00, 0x00, 0x8f, 0xf4,
    0x00, 0x00, 0x00, 0x8f, 0xf4, 0x00, 0x00, 0x00, 0x8f, 0xf4, 0x00, 0x00,
    0x00, 0x8f, 0xf4, 0x00, 0x00, 0x00,

    /* U+0073 "s" */
    0x00, 0x00, 0x16, 0x9a, 0x97, 0x30, 0x00, 0x00, 0x00, 0x8f, 0xff, 0xff,
    0xff, 0xb1, 0x00, 0x00, 0xaf, 0xff, 0xdb, 0xcf, 0xff, 0xc1, 0x00, 0x5f,
    0xfd, 0x40, 0x00, 0x2b, 0xff, 0x80, 0x0a, 0xff, 0x30, 0x00, 0x00, 0x1e,
    0xd8, 0x00, 0xbf, 0xf2, 0x00, 0x00, 0x00, 0x10, 0x00, 0x0a, 0xff, 0x80,
    0x00, 0x00, 0x00, 0x00, 0x00, 0x4f, 0xff, 0xc6, 0x20, 0x00, 0x00, 0x00,
    0x00, 0x8f, 0xff, 0xff, 0xea, 0x61, 0x00, 0x00, 0x00, 0x4b, 0xff, 0xff,
    0xff, 0xe6, 0x00, 0x00, 0x00, 0x01, 0x58, 0xcf, 0xff, 0xf7, 0x00, 0x00,
    0x00, 0x00, 0x00, 0x19, 0xff, 0xe1, 0x00, 0x00, 0x00, 0x00, 0x00, 0x0c,
    0xff, 0x41, 0x6a, 0x70, 0x00, 0x00, 0x00, 0xaf, 0xf3, 0x1f, 0xfe, 0x20,
    0x00, 0x00, 0x2e, 0xff, 0x10, 0x9f, 0xfe, 0x73, 0x23, 0x8e, 0xff, 0x90,
    0x01, 0xcf, 0xff, 0xff, 0xff, 0xff, 0xb0, 0x00, 0x01, 0x7e, 0xff, 0xff,
    0xfd, 0x60, 0x00, 0x00, 0x00, 0x03, 0x55, 0x42, 0x00, 0x00, 0x00,

    /* U+0074 "t" */
    0x00, 0x19, 0x97, 0x00, 0x00, 0x00, 0x1f, 0xfb, 0x00, 0x00, 0x00, 0x1f,
    0xfb, 0x00, 0x00, 0x00, 0x1f, 0xfb, 0x00, 0x00, 0x57, 0x8f, 0xff, 0x77,
    0x72, 0xaf, 0xff, 0xff, 0xff, 0xf5, 0xae, 0xff, 0xff, 0xee, 0xe5, 0x00,
    0x1f, 0xfb, 0x00, 0x00, 0x00, 0x1f, 0xfb, 0x00, 0x00, 0x00, 0x1f, 0xfb,
    0x00, 0x00, 0x00, 0x1f, 0xfb, 0x00, 0x00, 0x00, 0x1f, 0xfb, 0x00, 0x00,
    0x00, 0x1f, 0xfb, 0x00, 0x00, 0x00, 0x1f, 0xfb, 0x00, 0x00, 0x00, 0x1f,
    0xfb, 0x00, 0x00, 0x00, 0x1f, 0xfb, 0x00, 0x00, 0x00, 0x1f, 0xfb, 0x00,
    0x00, 0x00, 0x1f, 0xfb, 0x00, 0x00, 0x00, 0x0f, 0xfe, 0x00, 0x00, 0x00,
    0x0b, 0xff, 0xa5, 0x52, 0x00, 0x04, 0xff, 0xff, 0xf7, 0x00, 0x00, 0x4c,
    0xff, 0xfb, 0x00, 0x00, 0x00, 0x13, 0x20,

    /* U+0075 "u" */
    0x47, 0x72, 0x00, 0x00, 0x00, 0x03, 0x77, 0x38, 0xff, 0x40, 0x00, 0x00,
    0x00, 0x6f, 0xf7, 0x8f, 0xf4, 0x00, 0x00, 0x00, 0x06, 0xff, 0x78, 0xff,
    0x40, 0x00, 0x00, 0x00, 0x6f, 0xf7, 0x8f, 0xf4, 0x00, 0x00, 0x00, 0x06,
    0xff, 0x78, 0xff, 0x40, 0x00, 0x00, 0x00, 0x6f, 0xf7, 0x8f, 0xf4, 0x00,
    0x00, 0x00, 0x06, 0xff, 0x78, 0xff, 0x40, 0x00, 0x00, 0x00, 0x6f, 0xf7,
    0x8f, 0xf4, 0x00, 0x00, 0x00, 0x06, 0xff, 0x78, 0xff, 0x40, 0x00, 0x00,
    0x00, 0x6f, 0xf7, 0x8f, 0xf4, 0x00, 0x00, 0x00, 0x06, 0xff, 0x78, 0xff,
    0x40, 0x00, 0x00, 0x00, 0x6f, 0xf7, 0x7f, 0xf6, 0x00, 0x00, 0x00, 0x09,
    0xff, 0x75, 0xff, 0xa0, 0x00, 0x00, 0x01, 0xff, 0xf7, 0x1f, 0xff, 0x50,
    0x00, 0x01, 0xbf, 0xff, 0x70, 0xaf, 0xff, 0xa6, 0x58, 0xdf, 0x9f, 0xf7,
    0x01, 0xdf, 0xff, 0xff, 0xff, 0x94, 0xff, 0x70, 0x01, 0x9e, 0xff, 0xfc,
    0x50, 0x4f, 0xf7, 0x00, 0x00, 0x02, 0x31, 0x00, 0x00, 0x00, 0x00,

    /* U+0076 "v" */
    0x07, 0x77, 0x00, 0x00, 0x00, 0x00, 0x00, 0x77, 0x70, 0x0c, 0xff, 0x40,
    0x00, 0x00, 0x00, 0x04, 0xff, 0xc0, 0x06, 0xff, 0x90, 0x00, 0x00, 0x00,
    0x0a, 0xff, 0x60, 0x01, 0xef, 0xe1, 0x00, 0x00, 0x00, 0x1e, 0xfe, 0x10,
    0x00, 0xaf, 0xf5, 0x00, 0x00, 0x00, 0x5f, 0xf9, 0x00, 0x00, 0x4f, 0xfb,
    0x00, 0x00, 0x00, 0xbf, 0xf4, 0x00, 0x00, 0x0d, 0xff, 0x10, 0x00, 0x01,
    0xff, 0xd0, 0x00, 0x00, 0x07, 0xff, 0x60, 0x00, 0x07, 0xff, 0x70, 0x00,
    0x00, 0x02, 0xff, 0xc0, 0x00, 0x0c, 0xff, 0x20, 0x00, 0x00, 0x00, 0xbf,
    0xf2, 0x00, 0x2f, 0xfb, 0x00, 0x00, 0x00, 0x00, 0x5f, 0xf7, 0x00, 0x8f,
    0xf5, 0x00, 0x00, 0x00, 0x00, 0x0e, 0xfc, 0x00, 0xdf, 0xe0, 0x00, 0x00,
    0x00, 0x00, 0x09, 0xff, 0x22, 0xff, 0x90, 0x00, 0x00, 0x00, 0x00, 0x03,
    0xff, 0x77, 0xff, 0x30, 0x00, 0x00, 0x00, 0x00, 0x00, 0xcf, 0xbc, 0xfc,
    0x00, 0x00, 0x00, 0x00, 0x00, 0x00, 0x7f, 0xff, 0xf6, 0x00, 0x00, 0x00,
    0x00, 0x00, 0x00, 0x1f, 0xff, 0xf1, 0x00, 0x00, 0x00, 0x00, 0x00, 0x00,
    0x0a, 0xff, 0xa0, 0x00, 0x00, 0x00,

    /* U+0077 "w" */
    0x67, 0x71, 0x00, 0x00, 0x00, 0x37, 0x75, 0x00, 0x00, 0x00, 0x07, 0x77,
    0x09, 0xff, 0x50, 0x00, 0x00, 0x0a, 0xff, 0xd0, 0x00, 0x00, 0x02, 0xff,
    0xc0, 0x5f, 0xf9, 0x00, 0x00, 0x00, 0xef, 0xff, 0x20, 0x00, 0x00, 0x7f,
    0xf7, 0x01, 0xff, 0xe0, 0x00, 0x00, 0x3f, 0xff, 0xf6, 0x00, 0x00, 0x0b,
    0xff, 0x30, 0x0b, 0xff, 0x30, 0x00, 0x07, 0xfe, 0xbf, 0xa0, 0x00, 0x00,
    0xef, 0xd0, 0x00, 0x6f, 0xf7, 0x00, 0x00, 0xbf, 0xa7, 0xfe, 0x00, 0x00,
    0x4f, 0xf9, 0x00, 0x02, 0xff, 0xb0, 0x00, 0x1f, 0xf6, 0x3f, 0xf4, 0x00,
    0x08, 0xff, 0x40, 0x00, 0x0c, 0xff, 0x10, 0x04, 0xff, 0x20, 0xef, 0x80,
    0x00, 0xdf, 0xe0, 0x00, 0x00, 0x7f, 0xf4, 0x00, 0x8f, 0xd0, 0x0b, 0xfc,
    0x00, 0x2f, 0xfa, 0x00, 0x00, 0x03, 0xff, 0x90, 0x0c, 0xf9, 0x00, 0x6f,
    0xf1, 0x06, 0xff, 0x60, 0x00, 0x00, 0x0d, 0xfc, 0x01, 0xff, 0x50, 0x02,
    0xff, 0x40, 0xaf, 0xf1, 0x00, 0x00, 0x00, 0x9f, 0xf1, 0x5f, 0xf1, 0x00,
    0x0d, 0xf8, 0x0d, 0xfc, 0x00, 0x00, 0x00, 0x04, 0xff, 0x59, 0xfb, 0x00,
    0x00, 0x9f, 0xb2, 0xff, 0x70, 0x00, 0x00, 0x00, 0x0e, 0xf8, 0xcf, 0x70,
    0x00, 0x04, 0xff, 0x6f, 0xf2, 0x00, 0x00, 0x00, 0x00, 0xaf, 0xcf, 0xf3,
    0x00, 0x00, 0x1f, 0xfc, 0xfd, 0x00, 0x00, 0x00, 0x00, 0x06, 0xff, 0xfe,
    0x00, 0x00, 0x00, 0xbf, 0xff, 0x80, 0x00, 0x00, 0x00, 0x00, 0x1f, 0xff,
    0x90, 0x00, 0x00, 0x06, 0xff, 0xf4, 0x00, 0x00, 0x00, 0x00, 0x00, 0xbf,
    0xf5, 0x00, 0x00, 0x00, 0x2f, 0xfe, 0x00, 0x00, 0x00,

    /* U+0078 "x" */
    0x37, 0x76, 0x00, 0x00, 0x00, 0x01, 0x77, 0x70, 0x1e, 0xff, 0x40, 0x00,
    0x00, 0x0a, 0xff, 0x80, 0x04, 0xff, 0xd1, 0x00, 0x00, 0x5f, 0xfc, 0x00,
    0x00, 0x9f, 0xf8, 0x00, 0x01, 0xef, 0xf3, 0x00, 0x00, 0x1d, 0xff, 0x30,
    0x09, 0xff, 0x70, 0x00, 0x00, 0x04, 0xff, 0xb0, 0x3f, 0xfc, 0x00, 0x00,
    0x00, 0x00, 0x9f, 0xf5, 0xbf, 0xf3, 0x00, 0x00, 0x00, 0x00, 0x1d, 0xff,
    0xff, 0x70, 0x00, 0x00, 0x00, 0x00, 0x03, 0xff, 0xfc, 0x00, 0x00, 0x00,
    0x00, 0x00, 0x03, 0xff, 0xfb, 0x00, 0x00, 0x00, 0x00, 0x00, 0x0c, 0xff,
    0xff, 0x40, 0x00, 0x00, 0x00, 0x00, 0x8f, 0xf6, 0xdf, 0xd1, 0x00, 0x00,
    0x00, 0x03, 0xff, 0xc0, 0x5f, 0xfa, 0x00, 0x00, 0x00, 0x1d, 0xff, 0x30,
    0x0b, 0xff, 0x50, 0x00, 0x00, 0x9f, 0xf9, 0x00, 0x02, 0xef, 0xe1, 0x00,
    0x04, 0xff, 0xd1, 0x00, 0x00, 0x7f, 0xfb, 0x00, 0x1d, 0xff, 0x40, 0x00,
    0x00, 0x0c, 0xff, 0x60, 0xaf, 0xf9, 0x00, 0x00, 0x00, 0x02, 0xff, 0xe2,

    /* U+0079 "y" */
    0x07, 0x77, 0x00, 0x00, 0x00, 0x00, 0x00, 0x77, 0x70, 0x0c, 0xff, 0x40,
    0x00, 0x00, 0x00, 0x04, 0xff, 0xc0, 0x06, 0xff, 0x90, 0x00, 0x00, 0x00,
    0x0a, 0xff, 0x60, 0x01, 0xff, 0xe1, 0x00, 0x00, 0x00, 0x1e, 0xfe, 0x10,
    0x00, 0xaf, 0xf5, 0x00, 0x00, 0x00, 0x5f, 0xf9, 0x00, 0x00, 0x4f, 0xfb,
    0x00, 0x00, 0x00, 0xbf, 0xf4, 0x00, 0x00, 0x0d, 0xff, 0x10, 0x00, 0x01,
    0xff, 0xd0, 0x00, 0x00, 0x08, 0xff, 0x60, 0x00, 0x07, 0xff, 0x70, 0x00,
    0x00, 0x02, 0xff, 0xc0, 0x00, 0x0c, 0xff, 0x20, 0x00, 0x00, 0x00, 0xbf,
    0xf2, 0x00, 0x3f, 0xfb, 0x00, 0x00, 0x00, 0x00, 0x6f, 0xf7, 0x00, 0x8f,
    0xf5, 0x00, 0x00, 0x00, 0x00, 0x1e, 0xfc, 0x00, 0xdf, 0xe0, 0x00, 0x00,
    0x00, 0x00, 0x09, 0xff, 0x23, 0xff, 0x90, 0x00, 0x00, 0x00, 0x00, 0x03,
    0xff, 0x77, 0xff, 0x30, 0x00, 0x00, 0x00, 0x00, 0x00, 0xdf, 0xbc, 0xfc,
    0x00, 0x00, 0x00, 0x00, 0x00, 0x00, 0x7f, 0xff, 0xf6, 0x00, 0x00, 0x00,
    0x00, 0x00, 0x00, 0x2f, 0xff, 0xf1, 0x00, 0x00, 0x00, 0x00, 0x00, 0x00,
    0x0b, 0xff, 0xa0, 0x00, 0x00, 0x00, 0x00, 0x00, 0x00, 0x09, 0xff, 0x40,
    0x00, 0x00, 0x00, 0x00, 0x00, 0x00, 0x1e, 0xfd, 0x00, 0x00, 0x00, 0x00,
    0x00, 0x00, 0x00, 0x6f, 0xf8, 0x00, 0x00, 0x00, 0x00, 0x00, 0x00, 0x03,
    0xef, 0xf1, 0x00, 0x00, 0x00, 0x00, 0x00, 0x4f, 0xef, 0xff, 0x70, 0x00,
    0x00, 0x00, 0x00, 0x00, 0x9f, 0xff, 0xf8, 0x00, 0x00, 0x00, 0x00, 0x00,
    0x00, 0x59, 0x98, 0x30, 0x00, 0x00, 0x00, 0x00, 0x00,

    /* U+007A "z" */
    0x05, 0x77, 0x77, 0x77, 0x77, 0x77, 0x77, 0x30, 0xbf, 0xff, 0xff, 0xff,
    0xff, 0xff, 0xf6, 0x0b, 0xff, 0xff, 0xff, 0xff, 0xff, 0xff, 0x60, 0x12,
    0x22, 0x22, 0x22, 0x28, 0xff, 0xc0, 0x00, 0x00, 0x00, 0x00, 0x03, 0xff,
    0xe2, 0x00, 0x00, 0x00, 0x00, 0x01, 0xdf, 0xf5, 0x00, 0x00, 0x00, 0x00,
    0x00, 0xbf, 0xf8, 0x00, 0x00, 0x00, 0x00, 0x00, 0x7f, 0xfb, 0x00, 0x00,
    0x00, 0x00, 0x00, 0x4f, 0xfe, 0x10, 0x00, 0x00, 0x00, 0x00, 0x2e, 0xff,
    0x40, 0x00, 0x00, 0x00, 0x00, 0x0c, 0xff, 0x70, 0x00, 0x00, 0x00, 0x00,
    0x09, 0xff, 0xb0, 0x00, 0x00, 0x00, 0x00, 0x06, 0xff, 0xd1, 0x00, 0x00,
    0x00, 0x00, 0x03, 0xff, 0xf3, 0x00, 0x00, 0x00, 0x00, 0x01, 0xdf, 0xf6,
    0x00, 0x00, 0x00, 0x00, 0x00, 0xbf, 0xff, 0x99, 0x99, 0x99, 0x99, 0x96,
    0x0f, 0xff, 0xff, 0xff, 0xff, 0xff, 0xff, 0xb0, 0xff, 0xff, 0xff, 0xff,
    0xff, 0xff, 0xfb,

    /* U+007B "{" */
    0x00, 0x00, 0x00, 0x37, 0x97, 0x00, 0x00, 0x09, 0xff, 0xfb, 0x00, 0x00,
    0x8f, 0xff, 0xc7, 0x00, 0x00, 0xef, 0xe3, 0x00, 0x00, 0x03, 0xff, 0x80,
    0x00, 0x00, 0x04, 0xff, 0x50, 0x00, 0x00, 0x05, 0xff, 0x40, 0x00, 0x00,
    0x05, 0xff, 0x40, 0x00, 0x00, 0x05, 0xff, 0x40, 0x00, 0x00, 0x05, 0xff,
    0x40, 0x00, 0x00, 0x06, 0xff, 0x40, 0x00, 0x00, 0x08, 0xff, 0x20, 0x00,
    0x00, 0x2e, 0xfe, 0x00, 0x00, 0xdf, 0xff, 0xf6, 0x00, 0x00, 0xff, 0xf9,
    0x30, 0x00, 0x00, 0xff, 0xfe, 0x70, 0x00, 0x00, 0x69, 0xff, 0xfa, 0x00,
    0x00, 0x00, 0x0c, 0xff, 0x10, 0x00, 0x00, 0x07, 0xff, 0x30, 0x00, 0x00,
    0x05, 0xff, 0x40, 0x00, 0x00, 0x05, 0xff, 0x40, 0x00, 0x00, 0x05, 0xff,
    0x40, 0x00, 0x00, 0x05, 0xff, 0x40, 0x00, 0x00, 0x05, 0xff, 0x40, 0x00,
    0x00, 0x04, 0xff, 0x50, 0x00, 0x00, 0x02, 0xff, 0xa0, 0x00, 0x00, 0x00,
    0xdf, 0xf7, 0x10, 0x00, 0x00, 0x5f, 0xff, 0xfb, 0x00, 0x00, 0x05, 0xdf,
    0xfb, 0x00, 0x00, 0x00, 0x02, 0x44,

    /* U+007C "|" */
    0xbc, 0x6e, 0xf8, 0xef, 0x8e, 0xf8, 0xef, 0x8e, 0xf8, 0xef, 0x8e, 0xf8,
    0xef, 0x8e, 0xf8, 0xef, 0x8e, 0xf8, 0xef, 0x8e, 0xf8, 0xef, 0x8e, 0xf8,
    0xef, 0x8e, 0xf8, 0xef, 0x8e, 0xf8, 0xef, 0x8e, 0xf8, 0xef, 0x8e, 0xf8,
    0xef, 0x8e, 0xf8, 0xef, 0x8e, 0xf8, 0xef, 0x8e, 0xf8, 0xef, 0x8e, 0xf8,
    0xef, 0x8e, 0xf8, 0xef, 0x8e, 0xf8, 0xef, 0x8e, 0xf8, 0x78, 0x40,

    /* U+007D "}" */
    0x1a, 0x96, 0x10, 0x00, 0x00, 0x01, 0xff, 0xfe, 0x50, 0x00, 0x00, 0x1a,
    0xdf, 0xff, 0x20, 0x00, 0x00, 0x00, 0x7f, 0xf8, 0x00, 0x00, 0x00, 0x00,
    0xdf, 0xc0, 0x00, 0x00, 0x00, 0x0a, 0xfe, 0x00, 0x00, 0x00, 0x00, 0x9f,
    0xe0, 0x00, 0x00, 0x00, 0x09, 0xff, 0x00, 0x00, 0x00, 0x00, 0x9f, 0xf0,
    0x00, 0x00, 0x00, 0x09, 0xff, 0x00, 0x00, 0x00, 0x00, 0x9f, 0xf0, 0x00,
    0x00, 0x00, 0x08, 0xff, 0x20, 0x00, 0x00, 0x00, 0x5f, 0xfa, 0x00, 0x00,
    0x00, 0x00, 0xbf, 0xff, 0xf7, 0x00, 0x00, 0x00, 0x5f, 0xff, 0xd0, 0x00,
    0x00, 0x2a, 0xff, 0xfc, 0x00, 0x00, 0x1e, 0xff, 0xc8, 0x30, 0x00, 0x06,
    0xff, 0x70, 0x00, 0x00, 0x00, 0x9f, 0xf1, 0x00, 0x00, 0x00, 0x09, 0xff,
    0x00, 0x00, 0x00, 0x00, 0x9f, 0xf0, 0x00, 0x00, 0x00, 0x09, 0xff, 0x00,
    0x00, 0x00, 0x00, 0x9f, 0xf0, 0x00, 0x00, 0x00, 0x09, 0xfe, 0x00, 0x00,
    0x00, 0x00, 0xbf, 0xd0, 0x00, 0x00, 0x00, 0x1e, 0xfb, 0x00, 0x00, 0x00,
    0x3b, 0xff, 0x70, 0x00, 0x01, 0xff, 0xff, 0xd1, 0x00, 0x00, 0x1f, 0xff,
    0xa2, 0x00, 0x00, 0x00, 0x54, 0x10, 0x00, 0x00, 0x00,

    /* U+007E "~" */
    0x00, 0x00, 0x22, 0x00, 0x00, 0x00, 0x00, 0x00, 0x00, 0x05, 0xdf, 0xfe,
    0x81, 0x00, 0x00, 0x08, 0x84, 0x06, 0xff, 0xff, 0xff, 0xd2, 0x00, 0x02,
    0xff, 0x70, 0xef, 0xf9, 0x6c, 0xff, 0xe5, 0x00, 0xaf, 0xf4, 0x3f, 0xf8,
    0x00, 0x08, 0xff, 0xfd, 0xef, 0xfd, 0x05, 0xff, 0x40, 0x00, 0x05, 0xef,
    0xff, 0xfe, 0x30, 0x12, 0x20, 0x00, 0x00, 0x01, 0x7a, 0xa7, 0x10, 0x00,

};

/*---------------------
 *  GLYPH DESCRIPTION
 *--------------------*/

static const lv_font_fmt_txt_glyph_dsc_t glyph_dsc[] = {
    {.bitmap_index = 0, .adv_w = 0, .box_w = 0, .box_h = 0, .ofs_x = 0, .ofs_y = 0} /* id = 0 reserved */,
    {.bitmap_index = 0, .adv_w = 144, .box_w = 0, .box_h = 0, .ofs_x = 0, .ofs_y = 0},
    {.bitmap_index = 0, .adv_w = 144, .box_w = 5, .box_h = 25, .ofs_x = 2, .ofs_y = -1},
    {.bitmap_index = 63, .adv_w = 240, .box_w = 9, .box_h = 10, .ofs_x = 3, .ofs_y = 14},
    {.bitmap_index = 108, .adv_w = 320, .box_w = 20, .box_h = 24, .ofs_x = 0, .ofs_y = 0},
    {.bitmap_index = 348, .adv_w = 336, .box_w = 18, .box_h = 31, .ofs_x = 1, .ofs_y = -4},
    {.bitmap_index = 627, .adv_w = 496, .box_w = 25, .box_h = 25, .ofs_x = 3, .ofs_y = -1},
    {.bitmap_index = 940, .adv_w = 336, .box_w = 20, .box_h = 25, .ofs_x = 1, .ofs_y = -1},
    {.bitmap_index = 1190, .adv_w = 160, .box_w = 4, .box_h = 10, .ofs_x = 3, .ofs_y = 14},
    {.bitmap_index = 1210, .adv_w = 192, .box_w = 8, .box_h = 30, .ofs_x = 3, .ofs_y = -5},
    {.bitmap_index = 1330, .adv_w = 192, .box_w = 8, .box_h = 30, .ofs_x = 1, .ofs_y = -5},
    {.bitmap_index = 1450, .adv_w = 256, .box_w = 14, .box_h = 14, .ofs_x = 1, .ofs_y = 10},
    {.bitmap_index = 1548, .adv_w = 336, .box_w = 16, .box_h = 16, .ofs_x = 3, .ofs_y = 1},
    {.bitmap_index = 1676, .adv_w = 144, .box_w = 5, .box_h = 10, .ofs_x = 2, .ofs_y = -6},
    {.bitmap_index = 1701, .adv_w = 240, .box_w = 11, .box_h = 4, .ofs_x = 2, .ofs_y = 8},
    {.bitmap_index = 1723, .adv_w = 144, .box_w = 5, .box_h = 6, .ofs_x = 2, .ofs_y = -1},
    {.bitmap_index = 1738, .adv_w = 192, .box_w = 11, .box_h = 29, .ofs_x = 0, .ofs_y = -4},
    {.bitmap_index = 1898, .adv_w = 320, .box_w = 18, .box_h = 25, .ofs_x = 1, .ofs_y = -1},
    {.bitmap_index = 2123, .adv_w = 208, .box_w = 10, .box_h = 24, .ofs_x = 1, .ofs_y = 0},
    {.bitmap_index = 2243, .adv_w = 320, .box_w = 16, .box_h = 24, .ofs_x = 2, .ofs_y = 0},
    {.bitmap_index = 2435, .adv_w = 320, .box_w = 17, .box_h = 25, .ofs_x = 1, .ofs_y = -1},
    {.bitmap_index = 2648, .adv_w = 336, .box_w = 18, .box_h = 24, .ofs_x = 1, .ofs_y = 0},
    {.bitmap_index = 2864, .adv_w = 304, .box_w = 16, .box_h = 25, .ofs_x = 2, .ofs_y = -1},
    {.bitmap_index = 3064, .adv_w = 320, .box_w = 17, .box_h = 25, .ofs_x = 1, .ofs_y = -1},
    {.bitmap_index = 3277, .adv_w = 288, .box_w = 16, .box_h = 24, .ofs_x = 1, .ofs_y = 0},
    {.bitmap_index = 3469, .adv_w = 320, .box_w = 17, .box_h = 25, .ofs_x = 1, .ofs_y = -1},
    {.bitmap_index = 3682, .adv_w = 320, .box_w = 17, .box_h = 25, .ofs_x = 1, .ofs_y = -1},
    {.bitmap_index = 3895, .adv_w = 144, .box_w = 5, .box_h = 19, .ofs_x = 2, .ofs_y = -1},
    {.bitmap_index = 3943, .adv_w = 160, .box_w = 6, .box_h = 24, .ofs_x = 2, .ofs_y = -6},
    {.bitmap_index = 4015, .adv_w = 336, .box_w = 16, .box_h = 18, .ofs_x = 2, .ofs_y = 0},
    {.bitmap_index = 4159, .adv_w = 336, .box_w = 15, .box_h = 10, .ofs_x = 3, .ofs_y = 4},
    {.bitmap_index = 4234, .adv_w = 336, .box_w = 16, .box_h = 18, .ofs_x = 3, .ofs_y = 0},
    {.bitmap_index = 4378, .adv_w = 256, .box_w = 14, .box_h = 25, .ofs_x = 1, .ofs_y = -1},
    {.bitmap_index = 4553, .adv_w = 496, .box_w = 28, .box_h = 30, .ofs_x = 1, .ofs_y = -7},
    {.bitmap_index = 4973, .adv_w = 352, .box_w = 22, .box_h = 24, .ofs_x = 0, .ofs_y = 0},
    {.bitmap_index = 5237, .adv_w = 336, .box_w = 18, .box_h = 24, .ofs_x = 2, .ofs_y = 0},
    {.bitmap_index = 5453, .adv_w = 368, .box_w = 21, .box_h = 25, .ofs_x = 1, .ofs_y = -1},
    {.bitmap_index = 5716, .adv_w = 368, .box_w = 20, .box_h = 24, .ofs_x = 2, .ofs_y = 0},
    {.bitmap_index = 5956, .adv_w = 304, .box_w = 16, .box_h = 24, .ofs_x = 2, .ofs_y = 0},
    {.bitmap_index = 6148, .adv_w = 304, .box_w = 15, .box_h = 24, .ofs_x = 2, .ofs_y = 0},
    {.bitmap_index = 6328, .adv_w = 384, .box_w = 21, .box_h = 25, .ofs_x = 1, .ofs_y = -1},
    {.bitmap_index = 6591, .adv_w = 384, .box_w = 19, .box_h = 24, .ofs_x = 2, .ofs_y = 0},
    {.bitmap_index = 6819, .adv_w = 144, .box_w = 4, .box_h = 24, .ofs_x = 2, .ofs_y = 0},
    {.bitmap_index = 6867, .adv_w = 288, .box_w = 15, .box_h = 25, .ofs_x = 1, .ofs_y = -1},
    {.bitmap_index = 7055, .adv_w = 352, .box_w = 19, .box_h = 24, .ofs_x = 2, .ofs_y = 0},
    {.bitmap_index = 7283, .adv_w = 288, .box_w = 15, .box_h = 24, .ofs_x = 2, .ofs_y = 0},
    {.bitmap_index = 7463, .adv_w = 464, .box_w = 25, .box_h = 24, .ofs_x = 2, .ofs_y = 0},
    {.bitmap_index = 7763, .adv_w = 384, .box_w = 20, .box_h = 24, .ofs_x = 2, .ofs_y = 0},
    {.bitmap_index = 8003, .adv_w = 384, .box_w = 22, .box_h = 25, .ofs_x = 1, .ofs_y = -1},
    {.bitmap_index = 8278, .adv_w = 320, .box_w = 17, .box_h = 24, .ofs_x = 2, .ofs_y = 0},
    {.bitmap_index = 8482, .adv_w = 384, .box_w = 22, .box_h = 27, .ofs_x = 1, .ofs_y = -3},
    {.bitmap_index = 8779, .adv_w = 336, .box_w = 18, .box_h = 24, .ofs_x = 2, .ofs_y = 0},
    {.bitmap_index = 8995, .adv_w = 336, .box_w = 18, .box_h = 25, .ofs_x = 1, .ofs_y = -1},
    {.bitmap_index = 9220, .adv_w = 336, .box_w = 19, .box_h = 24, .ofs_x = 1, .ofs_y = 0},
    {.bitmap_index = 9448, .adv_w = 384, .box_w = 19, .box_h = 25, .ofs_x = 2, .ofs_y = -1},
    {.bitmap_index = 9686, .adv_w = 352, .box_w = 22, .box_h = 24, .ofs_x = 0, .ofs_y = 0},
    {.bitmap_index = 9950, .adv_w = 512, .box_w = 31, .box_h = 24, .ofs_x = 0, .ofs_y = 0},
    {.bitmap_index = 10322, .adv_w = 352, .box_w = 21, .box_h = 24, .ofs_x = 0, .ofs_y = 0},
    {.bitmap_index = 10574, .adv_w = 352, .box_w = 21, .box_h = 24, .ofs_x = 0, .ofs_y = 0},
    {.bitmap_index = 10826, .adv_w = 320, .box_w = 18, .box_h = 24, .ofs_x = 1, .ofs_y = 0},
    {.bitmap_index = 11042, .adv_w = 192, .box_w = 7, .box_h = 30, .ofs_x = 3, .ofs_y = -5},
    {.bitmap_index = 11147, .adv_w = 192, .box_w = 11, .box_h = 29, .ofs_x = 0, .ofs_y = -4},
    {.bitmap_index = 11307, .adv_w = 192, .box_w = 8, .box_h = 30, .ofs_x = 1, .ofs_y = -5},
    {.bitmap_index = 11427, .adv_w = 240, .box_w = 13, .box_h = 11, .ofs_x = 1, .ofs_y = 12},
    {.bitmap_index = 11499, .adv_w = 240, .box_w = 15, .box_h = 3, .ofs_x = 0, .ofs_y = -3},
    {.bitmap_index = 11522, .adv_w = 160, .box_w = 6, .box_h = 6, .ofs_x = 2, .ofs_y = 19},
    {.bitmap_index = 11540, .adv_w = 288, .box_w = 15, .box_h = 19, .ofs_x = 1, .ofs_y = -1},
    {.bitmap_index = 11683, .adv_w = 320, .box_w = 16, .box_h = 25, .ofs_x = 2, .ofs_y = -1},
    {.bitmap_index = 11883, .adv_w = 288, .box_w = 16, .box_h = 19, .ofs_x = 1, .ofs_y = -1},
    {.bitmap_index = 12035, .adv_w = 320, .box_w = 17, .box_h = 25, .ofs_x = 1, .ofs_y = -1},
    {.bitmap_index = 12248, .adv_w = 304, .box_w = 17, .box_h = 19, .ofs_x = 1, .ofs_y = -1},
    {.bitmap_index = 12410, .adv_w = 192, .box_w = 12, .box_h = 25, .ofs_x = 0, .ofs_y = 0},
    {.bitmap_index = 12560, .adv_w = 320, .box_w = 17, .box_h = 25, .ofs_x = 1, .ofs_y = -7},
    {.bitmap_index = 12773, .adv_w = 304, .box_w = 15, .box_h = 24, .ofs_x = 2, .ofs_y = 0},
    {.bitmap_index = 12953, .adv_w = 128, .box_w = 5, .box_h = 25, .ofs_x = 1, .ofs_y = 0},
    {.bitmap_index = 13016, .adv_w = 128, .box_w = 7, .box_h = 32, .ofs_x = -1, .ofs_y = -7},
    {.bitmap_index = 13128, .adv_w = 288, .box_w = 16, .box_h = 24, .ofs_x = 2, .ofs_y = 0},
    {.bitmap_index = 13320, .adv_w = 128, .box_w = 4, .box_h = 24, .ofs_x = 2, .ofs_y = 0},
    {.bitmap_index = 13368, .adv_w = 448, .box_w = 24, .box_h = 18, .ofs_x = 2, .ofs_y = 0},
    {.bitmap_index = 13584, .adv_w = 304, .box_w = 15, .box_h = 18, .ofs_x = 2, .ofs_y = 0},
    {.bitmap_index = 13719, .adv_w = 304, .box_w = 17, .box_h = 19, .ofs_x = 1, .ofs_y = -1},
    {.bitmap_index = 13881, .adv_w = 320, .box_w = 16, .box_h = 25, .ofs_x = 2, .ofs_y = -7},
    {.bitmap_index = 14081, .adv_w = 320, .box_w = 17, .box_h = 25, .ofs_x = 1, .ofs_y = -7},
    {.bitmap_index = 14294, .adv_w = 192, .box_w = 10, .box_h = 18, .ofs_x = 2, .ofs_y = 0},
    {.bitmap_index = 14384, .adv_w = 272, .box_w = 15, .box_h = 19, .ofs_x = 1, .ofs_y = -1},
    {.bitmap_index = 14527, .adv_w = 160, .box_w = 10, .box_h = 23, .ofs_x = 0, .ofs_y = -1},
    {.bitmap_index = 14642, .adv_w = 304, .box_w = 15, .box_h = 19, .ofs_x = 2, .ofs_y = -1},
    {.bitmap_index = 14785, .adv_w = 288, .box_w = 18, .box_h = 18, .ofs_x = 0, .ofs_y = 0},
    {.bitmap_index = 14947, .adv_w = 416, .box_w = 25, .box_h = 18, .ofs_x = 1, .ofs_y = 0},
    {.bitmap_index = 15172, .adv_w = 272, .box_w = 16, .box_h = 18, .ofs_x = 1, .ofs_y = 0},
    {.bitmap_index = 15316, .adv_w = 288, .box_w = 18, .box_h = 25, .ofs_x = 0, .ofs_y = -7},
    {.bitmap_index = 15541, .adv_w = 288, .box_w = 15, .box_h = 18, .ofs_x = 1, .ofs_y = 0},
    {.bitmap_index = 15676, .adv_w = 224, .box_w = 10, .box_h = 30, .ofs_x = 2, .ofs_y = -5},
    {.bitmap_index = 15826, .adv_w = 176, .box_w = 3, .box_h = 39, .ofs_x = 4, .ofs_y = -8},
    {.bitmap_index = 15885, .adv_w = 224, .box_w = 11, .box_h = 30, .ofs_x = 1, .ofs_y = -5},
    {.bitmap_index = 16050, .adv_w = 336, .box_w = 17, .box_h = 7, .ofs_x = 2, .ofs_y = 6},
};

/*---------------------
 *  CHARACTER MAPPING
 *--------------------*/

static const uint16_t unicode_list[] = {
    0x0000, 0x0001, 0x0002, 0x0003, 0x0004, 0x0005, 0x0006, 0x0007, 0x0008, 0x0009, 0x000A, 0x000B, 0x000C, 0x000D, 0x000E, 0x000F, 0x0010, 0x0011, 0x0012, 0x0013, 0x0014, 0x0015, 0x0016, 0x0017, 0x0018, 0x0019, 0x001A, 0x001B, 0x001C, 0x001D, 0x001E, 0x001F, 0x0020, 0x0021, 0x0022, 0x0023, 0x0024, 0x0025, 0x0026, 0x0027, 0x0028, 0x0029, 0x002A, 0x002B, 0x002C, 0x002D, 0x002E, 0x002F, 0x0030, 0x0031, 0x0032, 0x0033, 0x0034, 0x0035, 0x0036, 0x0037, 0x0038, 0x0039, 0x003A, 0x003B, 0x003C, 0x003D, 0x003E, 0x003F, 0x0040, 0x0041, 0x0042, 0x0043, 0x0044, 0x0045, 0x0046, 0x0047, 0x0048, 0x0049, 0x004A, 0x004B, 0x004C, 0x004D, 0x004E, 0x004F, 0x0050, 0x0051, 0x0052, 0x0053, 0x0054, 0x0055, 0x0056, 0x0057, 0x0058, 0x0059, 0x005A, 0x005B, 0x005C, 0x005D, 0x005E
};

static const lv_font_fmt_txt_cmap_t cmaps[] = {
    {
        .range_start = 32, .range_length = 95, .glyph_id_start = 1,
        .unicode_list = unicode_list, .glyph_id_ofs_list = NULL, .list_length = 95, .type = LV_FONT_FMT_TXT_CMAP_SPARSE_TINY
    }
};

/*--------------------
 *  ALL CUSTOM DATA
 *--------------------*/

static const lv_font_fmt_txt_dsc_t font_dsc = {
    .glyph_bitmap = glyph_bitmap,
    .glyph_dsc = glyph_dsc,
    .cmaps = cmaps,
    .kern_dsc = NULL,
    .kern_scale = 0,
    .cmap_num = 1,
    .bpp = 4,
    .kern_classes = 0,
    .bitmap_format = 0,
};

/*-----------------
 *  PUBLIC FONT
 *----------------*/

const lv_font_t font_inter_32 = {
    .get_glyph_dsc    = lv_font_get_glyph_dsc_fmt_txt,
    .get_glyph_bitmap = lv_font_get_bitmap_fmt_txt,
    .line_height = 39,
    .base_line = 8,
    .subpx = LV_FONT_SUBPX_NONE,
    .underline_position = -8,
    .underline_thickness = 4,
    .dsc = &font_dsc,
    // ASCII-only subset: fall back to montserrat so an LV_SYMBOL_*
    // glyph renders instead of silently drawing nothing. montserrat is
    // already linked elsewhere, so this costs no flash.
    .fallback = &lv_font_montserrat_32,
};
